# META: {"workflow_id": 4, "user_id": 33, "num_abstract": 30, "connector_pattern": "10000010101101111010111010001", "abstract_services": {"a_0": 120, "a_1": 100, "a_2": 99, "a_3": 96, "a_4": 110, "a_5": 86, "a_6": 102, "a_7": 113, "a_8": 111, "a_9": 87, "a_10": 105, "a_11": 106, "a_12": 88, "a_13": 109, "a_14": 114, "a_15": 91, "a_16": 120, "a_17": 103, "a_18": 108, "a_19": 114, "a_20": 121, "a_21": 107, "a_22": 94, "a_23": 109, "a_24": 112, "a_25": 95, "a_26": 121, "a_27": 116, "a_28": 107, "a_29": 91}, "total_latency": 10.764, "total_throughput": 0.743}
abstract_service,concrete_service,latency,throughput
a_0,5024,0.109,18.348
a_0,5503,0.237,8.438
a_0,1982,0.44,18.181
a_0,3986,0.041,121.951
a_0,2170,0.37,5.405
a_0,2964,0.114,26.315
a_0,2079,0.055,36.363
a_0,3126,0.931,3.222
a_0,5079,0.111,72.072
a_0,5547,0.164,42.682
a_0,1507,0.423,446.808
a_0,5268,0.077,38.961
a_0,5743,0.103,19.417
a_0,92,3.38,1.183
a_0,405,1.0,7.0
a_0,4345,0.077,38.961
a_0,1668,0.138,36.231
a_0,2199,0.15,140.0
a_0,2963,0.107,37.383
a_0,2242,0.373,8.042
a_0,830,0.614,3.257
a_0,1483,0.646,30.959
a_0,3559,0.064,46.875
a_0,2849,0.165,30.303
a_0,964,0.273,7.326
a_0,3167,0.593,26.981
a_0,5108,0.133,22.556
a_0,3113,0.217,13.824
a_0,5191,0.643,104.199
a_0,5750,0.064,46.875
a_0,1440,0.88,85.227
a_0,2453,0.341,8.797
a_0,615,0.778,42.416
a_0,4193,0.137,29.197
a_0,1610,0.386,25.906
a_0,846,0.691,2.894
a_0,2677,0.786,48.346
a_0,973,0.434,4.608
a_0,4311,0.137,299.27
a_0,5350,0.226,17.699
a_0,552,0.068,44.117
a_0,3773,3.156,0.95
a_0,5647,0.083,36.144
a_0,5042,0.133,15.037
a_0,4463,0.064,46.875
a_0,1579,0.256,7.812
a_0,1603,0.194,15.463
a_0,2984,0.701,11.412
a_0,5739,0.103,378.64
a_0,3747,0.067,44.776
a_0,2654,0.45,26.666
a_0,2789,0.166,24.096
a_0,2355,0.678,5.899
a_0,292,0.137,51.094
a_0,2974,0.227,13.215
a_0,664,0.521,7.677
a_0,4457,0.15,13.333
a_0,3512,0.045,66.666
a_0,5348,0.171,11.695
a_0,4340,0.072,27.777
a_0,751,0.55,3.636
a_0,582,0.093,32.258
a_0,3951,0.123,32.52
a_0,3623,0.215,13.953
a_0,1334,0.544,314.338
a_0,1360,0.506,7.905
a_0,677,1.01,1.98
a_0,526,0.35,22.857
a_0,1101,0.403,49.627
a_0,5238,0.294,10.204
a_0,2292,5.071,3.549
a_0,3160,0.59,8.474
a_0,3853,0.061,49.18
a_0,2911,0.127,23.622
a_0,3248,0.106,84.905
a_0,5203,0.681,7.342
a_0,1624,0.347,5.763
a_0,110,0.183,27.322
a_0,1818,0.372,16.129
a_0,453,10.241,0.781
a_0,3975,0.077,12.987
a_0,631,0.234,8.547
a_0,1598,0.338,8.875
a_0,3721,0.103,398.058
a_0,1197,0.402,17.412
a_0,3376,0.067,611.94
a_0,109,0.211,9.478
a_0,5505,0.236,8.474
a_0,2905,0.172,389.534
a_0,710,0.495,10.101
a_0,1449,0.459,6.535
a_0,611,0.312,22.435
a_0,1508,0.514,7.782
a_0,3169,0.215,27.906
a_0,1210,0.474,12.658
a_0,4650,0.419,4.773
a_0,2295,0.359,8.356
a_0,237,12.261,0.652
a_0,299,12.172,0.657
a_0,4635,0.067,29.85
a_0,2201,0.325,9.23
a_0,898,0.136,22.058
a_0,2656,0.607,3.294
a_0,3341,0.268,485.074
a_0,2741,0.167,23.952
a_0,4266,0.077,38.961
a_0,5282,0.162,24.691
a_0,4668,0.401,4.987
a_0,5135,0.462,4.329
a_0,289,0.137,51.094
a_0,655,0.225,8.888
a_0,2550,0.126,23.809
a_0,3233,0.598,6.688
a_0,2725,0.183,27.322
a_0,5663,0.074,40.54
a_0,3844,0.071,42.253
a_0,4837,0.163,171.779
a_0,5782,0.096,41.666
a_0,2019,0.253,7.905
a_0,1983,0.314,6.369
a_1,4000,0.105,28.571
a_1,5761,0.242,16.528
a_1,163,0.317,9.463
a_1,4865,0.271,199.261
a_1,4711,0.432,2.314
a_1,4517,0.344,23.255
a_1,3096,0.398,5.025
a_1,2907,0.185,221.621
a_1,2037,0.224,13.392
a_1,2363,1.035,2.898
a_1,3257,0.045,88.888
a_1,4657,0.416,350.961
a_1,5324,0.141,28.368
a_1,306,0.159,44.025
a_1,1260,0.153,19.607
a_1,3316,0.379,889.182
a_1,5109,0.182,10.989
a_1,2153,0.335,8.955
a_1,909,2.669,310.977
a_1,5069,0.36,655.555
a_1,5807,0.401,159.6
a_1,1421,0.512,5.859
a_1,11,0.553,3.616
a_1,5217,2.305,1.301
a_1,1819,0.448,78.125
a_1,3394,0.492,16.26
a_1,1729,0.159,352.201
a_1,2820,0.175,28.571
a_1,244,0.138,50.724
a_1,2703,0.165,30.303
a_1,3925,0.032,187.5
a_1,3984,0.09,33.333
a_1,1276,0.138,847.826
a_1,3347,0.131,22.9
a_1,3662,0.038,78.947
a_1,4787,0.645,10.852
a_1,2306,0.207,14.492
a_1,2951,0.337,14.836
a_1,2990,6.779,689.334
a_1,5002,0.309,9.708
a_1,76,0.99,12.121
a_1,665,0.538,7.434
a_1,1257,0.194,36.082
a_1,4373,0.069,57.971
a_1,3208,0.421,14.251
a_1,3448,0.168,23.809
a_1,374,0.252,27.777
a_1,5365,0.063,47.619
a_1,3589,0.028,107.142
a_1,1963,0.782,89.514
a_1,2278,1.22,379.508
a_1,4905,0.056,53.571
a_1,2283,0.467,8.565
a_1,2358,1.903,1.05
a_1,4098,0.179,16.759
a_1,1051,0.447,22.371
a_1,2107,0.338,8.875
a_1,4110,0.522,7.662
a_1,1436,0.594,8.417
a_1,1637,0.181,27.624
a_1,4470,0.316,12.658
a_1,3029,0.067,29.85
a_1,3386,0.56,14.285
a_1,2166,0.156,19.23
a_1,3568,0.067,44.776
a_1,4603,0.539,7.421
a_1,2411,0.315,19.047
a_1,4350,0.156,70.512
a_1,4574,0.14,14.285
a_1,815,0.582,3.436
a_1,1774,0.397,10.075
a_1,3348,0.212,183.962
a_1,3517,0.075,40.0
a_1,2757,0.164,24.39
a_1,4190,0.144,76.388
a_1,3758,0.043,69.767
a_1,5492,0.087,34.482
a_1,5229,0.165,18.181
a_1,1666,0.475,10.526
a_1,795,0.422,4.739
a_1,340,0.132,53.03
a_1,5274,0.234,4.273
a_1,436,13.175,0.607
a_1,1364,0.132,30.303
a_1,1871,1.091,7.332
a_1,3462,0.069,43.478
a_1,4502,0.237,12.658
a_1,2921,0.17,17.647
a_1,183,0.421,7.125
a_1,4973,0.084,47.619
a_1,3516,0.075,40.0
a_1,358,0.261,26.819
a_1,3962,0.069,14.492
a_1,1422,0.972,4.115
a_1,1912,1.432,152.234
a_1,2591,0.819,4.884
a_1,3865,0.069,43.478
a_1,2822,0.166,24.096
a_1,2534,0.296,6.756
a_1,1044,0.344,11.627
a_2,3597,0.044,68.181
a_2,2995,0.328,12.195
a_2,2732,0.158,31.645
a_2,5649,0.083,24.096
a_2,1384,0.137,21.897
a_2,2698,0.174,22.988
a_2,4572,0.129,31.007
a_2,940,0.288,10.416
a_2,4902,0.23,121.739
a_2,5364,0.14,49.999
a_2,5340,0.126,31.746
a_2,4660,0.09,22.222
a_2,3138,0.588,15.306
a_2,1415,0.326,6.134
a_2,4557,0.192,208.333
a_2,4298,0.178,230.337
a_2,5774,0.101,39.603
a_2,2212,0.155,19.354
a_2,1717,0.162,351.851
a_2,4617,0.107,130.841
a_2,2125,0.315,88.888
a_2,5053,0.047,42.553
a_2,1395,0.838,16.706
a_2,2438,0.286,13.986
a_2,4528,0.071,197.183
a_2,3075,0.567,144.62
a_2,3998,0.147,20.408
a_2,4262,0.124,32.258
a_2,1614,0.191,15.706
a_2,2120,0.314,6.369
a_2,2275,0.663,155.354
a_2,3646,0.031,96.774
a_2,3995,0.08,112.5
a_2,3827,0.112,8.928
a_2,5630,0.177,22.598
a_2,1256,0.885,4.519
a_2,3190,0.59,5.084
a_2,5254,0.265,15.094
a_2,2649,0.202,9.9
a_2,637,0.265,7.547
a_2,5473,0.129,69.767
a_2,213,0.572,5.244
a_2,5170,0.517,7.736
a_2,698,0.487,16.427
a_2,5616,0.245,8.163
a_2,5555,0.385,31.168
a_2,5331,0.14,21.428
a_2,2424,0.133,15.037
a_2,4497,0.283,7.067
a_2,2916,0.711,71.729
a_2,1410,0.761,2.628
a_2,122,0.309,9.708
a_2,1744,0.163,496.932
a_2,5209,0.581,5.163
a_2,1823,0.512,5.859
a_2,2010,0.274,18.248
a_2,1131,0.699,138.769
a_2,1513,0.164,18.292
a_2,2371,0.239,33.472
a_2,1438,0.466,8.583
a_2,4434,0.064,62.5
a_2,2641,1.955,226.086
a_2,509,0.27,11.111
a_2,2842,0.165,30.303
a_2,190,0.559,8.944
a_2,4230,0.131,30.534
a_2,3629,0.03,400.0
a_2,5533,1.081,12.025
a_2,4949,0.443,6.772
a_2,4317,0.178,224.719
a_2,4652,0.137,29.197
a_2,3554,0.073,41.095
a_2,1173,0.339,8.849
a_2,3241,0.59,6.779
a_2,3445,0.162,24.691
a_2,5515,0.23,8.695
a_2,2824,0.164,30.487
a_2,4270,0.136,29.411
a_2,4172,0.072,69.444
a_2,5689,0.092,32.608
a_2,3981,0.124,32.258
a_2,1601,0.216,13.888
a_2,4460,0.101,39.603
a_2,5497,0.095,21.052
a_2,4278,0.071,42.253
a_2,5010,0.117,25.641
a_2,3927,0.037,162.162
a_2,4721,0.13,30.769
a_2,4410,0.231,12.987
a_2,4771,0.666,37.537
a_2,1726,0.174,339.08
a_2,1952,0.127,23.622
a_2,4351,0.043,46.511
a_2,4629,0.15,273.333
a_2,638,0.398,138.19
a_2,3924,0.069,101.449
a_2,2909,0.17,252.941
a_2,1165,0.315,6.349
a_2,3237,0.183,16.393
a_3,4038,0.141,28.368
a_3,847,1.083,52.631
a_3,4359,3.056,13.416
a_3,378,0.215,32.558
a_3,3911,0.182,16.483
a_3,748,0.766,5.221
a_3,168,0.17,17.647
a_3,659,0.243,8.23
a_3,4811,0.238,21.008
a_3,2992,0.111,27.027
a_3,1296,0.139,949.64
a_3,2855,0.167,29.94
a_3,2345,0.347,5.763
a_3,4584,0.104,28.846
a_3,1375,1.019,8.832
a_3,202,0.525,5.714
a_3,3675,0.125,24.0
a_3,2315,1.231,23.558
a_3,3713,0.877,125.427
a_3,4287,0.226,17.699
a_3,2012,0.386,10.362
a_3,4031,0.129,31.007
a_3,4054,0.162,24.691
a_3,4467,7.035,987.633
a_3,915,0.407,7.371
a_3,4122,0.028,142.857
a_3,3575,0.051,58.823
a_3,3488,0.248,8.064
a_3,4699,0.015,133.333
a_3,2776,0.19,26.315
a_3,4648,0.314,9.554
a_3,5660,0.063,47.619
a_3,3425,0.203,19.704
a_3,3742,0.168,17.857
a_3,5295,0.118,42.372
a_3,5089,0.11,254.545
a_3,5802,0.122,32.786
a_3,4970,0.135,66.666
a_3,2164,0.53,7.547
a_3,3434,0.241,16.597
a_3,2312,0.298,6.711
a_3,1924,0.287,10.452
a_3,1756,0.207,14.492
a_3,4498,0.207,14.492
a_3,2884,0.332,611.445
a_3,2366,1.68,4.166
a_3,181,0.436,25.229
a_3,1673,0.202,24.752
a_3,46,0.265,15.094
a_3,1671,0.178,44.943
a_3,2938,0.118,33.898
a_3,2955,0.161,18.633
a_3,26,0.214,14.018
a_3,4857,0.665,4.511
a_3,4444,0.077,38.961
a_3,4879,0.087,22.988
a_3,2585,0.859,4.656
a_3,3139,0.52,5.769
a_3,727,0.732,4.098
a_3,747,0.225,8.888
a_3,1641,0.167,29.94
a_3,2792,0.171,29.239
a_3,3786,0.041,73.17
a_3,3947,0.102,19.607
a_3,3202,0.219,13.698
a_3,774,0.482,6.224
a_3,5404,0.016,187.5
a_3,3382,0.147,455.782
a_3,2178,0.143,13.986
a_3,3151,0.305,9.836
a_3,1082,0.434,6.912
a_3,5392,0.124,32.258
a_3,1873,1.087,7.359
a_3,1584,0.258,7.751
a_3,3371,0.059,423.728
a_3,4439,0.141,21.276
a_3,329,0.301,23.255
a_3,1344,0.26,15.384
a_3,1386,0.302,16.556
a_3,1973,0.304,6.578
a_3,80,1.055,37.914
a_3,3640,0.07,42.857
a_3,2017,0.513,97.465
a_3,5412,0.215,65.116
a_3,1852,0.916,2.183
a_3,3002,0.408,9.803
a_3,3518,0.074,40.54
a_3,3369,0.073,986.301
a_3,1290,0.131,618.32
a_3,1672,0.153,32.679
a_3,1917,0.219,13.698
a_3,4726,0.137,21.897
a_3,1136,0.118,16.949
a_3,1208,0.343,29.154
a_3,2887,0.182,225.274
a_3,3586,0.055,54.545
a_4,5553,0.329,18.237
a_4,111,0.18,16.666
a_4,643,0.23,13.043
a_4,2535,0.277,10.83
a_4,1685,0.175,28.571
a_4,5040,0.124,24.193
a_4,4341,0.165,12.121
a_4,4186,0.162,18.518
a_4,1991,0.335,5.97
a_4,2174,0.159,12.578
a_4,5744,0.096,31.25
a_4,3811,0.039,230.769
a_4,1193,1.261,896.907
a_4,3188,0.215,13.953
a_4,3513,0.147,20.408
a_4,267,0.186,37.634
a_4,4355,0.198,45.454
a_4,357,0.151,46.357
a_4,1467,1.49,2.684
a_4,2758,0.167,23.952
a_4,1837,0.344,8.72
a_4,312,0.132,53.03
a_4,1841,0.35,11.428
a_4,4813,0.13,23.076
a_4,216,0.8,3.75
a_4,4118,0.129,15.503
a_4,7,0.924,115.8
a_4,1776,0.28,14.285
a_4,2008,0.281,14.234
a_4,49,2.768,0.722
a_4,3556,0.061,49.18
a_4,577,0.196,15.306
a_4,2769,0.164,30.487
a_4,1766,0.435,4.597
a_4,3864,0.155,19.354
a_4,5552,0.135,59.259
a_4,1377,0.58,27.586
a_4,5615,0.253,7.905
a_4,1202,0.356,5.617
a_4,3452,0.169,29.585
a_4,1509,1.281,1.561
a_4,1986,1.164,7.731
a_4,5451,0.136,22.058
a_4,286,0.13,53.846
a_4,3541,0.045,66.666
a_4,408,12.124,0.659
a_4,1702,0.169,355.029
a_4,3738,0.087,34.482
a_4,5121,3.323,209.148
a_4,3644,0.059,50.847
a_4,697,0.267,7.49
a_4,1142,0.165,12.121
a_4,3565,0.068,58.823
a_4,706,0.487,4.106
a_4,1631,1.101,1.816
a_4,2561,0.13,23.076
a_4,1367,1.313,3.046
a_4,441,13.074,0.611
a_4,755,0.457,4.376
a_4,843,1.49,1.342
a_4,5664,0.074,40.54
a_4,2934,0.138,36.231
a_4,5388,0.079,75.949
a_4,5281,0.084,154.761
a_4,5556,0.385,31.168
a_4,3707,3.559,0.842
a_4,301,0.138,65.217
a_4,3728,0.105,28.571
a_4,2723,0.176,28.409
a_4,1909,1.864,15.557
a_4,262,0.131,53.435
a_4,5542,1.093,11.893
a_4,1373,0.138,14.492
a_4,3821,0.102,9.803
a_4,5385,0.815,6.134
a_4,2219,0.276,25.362
a_4,2754,0.159,25.157
a_4,4111,0.272,11.029
a_4,958,0.172,17.441
a_4,69,1.124,3.558
a_4,1207,0.371,8.086
a_4,2469,0.181,16.574
a_4,5510,0.251,7.968
a_4,104,0.422,4.739
a_4,1293,0.127,440.944
a_4,550,0.112,26.785
a_4,1628,0.587,6.814
a_4,2460,0.299,10.033
a_4,3087,0.276,10.869
a_4,5185,0.347,2.881
a_4,1996,0.262,156.488
a_4,332,0.163,42.944
a_4,1848,0.857,170.361
a_4,1616,0.384,7.812
a_4,1099,0.129,23.255
a_4,2800,0.172,29.069
a_4,2982,0.316,12.658
a_4,1169,0.14,14.285
a_4,3973,0.077,25.974
a_4,2719,0.179,27.932
a_4,3576,0.049,61.224
a_4,3743,0.075,40.0
a_4,2492,0.477,8.385
a_4,3500,0.16,12.5
a_4,4131,0.117,34.188
a_4,772,0.723,2.766
a_4,1170,0.779,10.269
a_4,1914,0.723,6.915
a_4,3978,0.064,93.75
a_4,4604,0.072,27.777
a_5,5449,0.118,25.423
a_5,4136,0.221,18.099
a_5,4709,0.251,155.378
a_5,5605,0.167,29.94
a_5,5571,0.152,32.894
a_5,4614,0.23,13.043
a_5,2173,0.147,13.605
a_5,5287,0.202,24.752
a_5,1230,0.233,38.626
a_5,2599,0.78,3.846
a_5,452,11.282,0.709
a_5,3897,0.038,78.947
a_5,4097,0.101,79.207
a_5,5158,4.564,3.724
a_5,2018,0.254,7.874
a_5,5776,0.04,75.0
a_5,2152,0.354,8.474
a_5,2089,0.157,70.063
a_5,2724,0.183,27.322
a_5,2925,0.207,14.492
a_5,5675,0.235,12.765
a_5,1252,0.162,18.518
a_5,4864,0.109,55.045
a_5,4820,0.07,42.857
a_5,1955,0.12,25.0
a_5,2230,0.233,8.583
a_5,4759,0.139,14.388
a_5,2195,0.543,9.208
a_5,2980,0.172,11.627
a_5,282,0.13,53.846
a_5,1635,0.385,5.194
a_5,4612,0.355,8.45
a_5,5119,0.635,9.448
a_5,455,10.393,0.769
a_5,463,0.193,46.632
a_5,399,0.146,47.945
a_5,2002,0.285,10.526
a_5,812,1.364,1.466
a_5,3660,0.055,54.545
a_5,1781,0.341,5.865
a_5,1451,0.27,22.222
a_5,1143,0.16,12.5
a_5,2276,0.345,385.507
a_5,105,0.354,5.649
a_5,41,1.178,3.395
a_5,546,0.059,50.847
a_5,5619,0.156,19.23
a_5,107,0.327,6.116
a_5,30,0.338,8.875
a_5,5225,0.452,6.637
a_5,4989,0.049,81.632
a_5,3708,4.027,0.496
a_5,2085,0.422,11.848
a_5,5732,0.178,22.471
a_5,1948,0.259,11.583
a_5,2687,0.346,14.45
a_5,1551,0.562,3.558
a_5,2504,0.286,6.993
a_5,629,0.233,158.798
a_5,2772,0.16,31.25
a_5,4221,0.125,32.0
a_5,1036,0.339,8.849
a_5,4911,5.751,0.695
a_5,3934,0.249,20.08
a_5,1532,1.519,444.371
a_5,1372,0.187,10.695
a_5,5635,0.169,29.585
a_5,1990,0.292,6.849
a_5,302,0.133,52.631
a_5,4175,0.24,12.5
a_5,592,0.135,259.259
a_5,4406,0.063,63.492
a_5,1220,0.994,6.036
a_5,3146,0.857,4.667
a_5,673,0.258,11.627
a_5,4493,0.1,50.0
a_5,2013,0.256,11.718
a_5,2860,0.165,30.303
a_5,2113,0.355,5.633
a_5,1596,1.119,33.065
a_5,4734,0.068,44.117
a_5,1192,0.291,10.309
a_5,2045,2.577,1.164
a_5,1004,0.277,7.22
a_5,2485,0.318,31.446
a_5,2799,0.164,30.487
a_6,1102,0.155,19.354
a_6,3101,0.22,18.181
a_6,5,0.355,8.45
a_6,1933,0.304,13.157
a_6,3401,0.121,33.057
a_6,369,0.276,25.362
a_6,1930,0.327,9.174
a_6,1090,0.131,22.9
a_6,309,0.13,53.846
a_6,5342,0.063,396.825
a_6,3003,0.158,25.316
a_6,1529,0.814,2.457
a_6,1675,0.137,29.197
a_6,5640,0.073,54.794
a_6,1206,0.388,5.154
a_6,1883,3.464,0.577
a_6,514,0.13,69.23
a_6,949,0.514,5.836
a_6,705,1.098,1.821
a_6,652,0.239,8.368
a_6,4801,0.174,11.494
a_6,1495,0.293,10.238
a_6,3078,0.101,19.801
a_6,4951,0.134,14.925
a_6,2953,0.188,15.957
a_6,2055,0.45,6.666
a_6,2080,0.06,33.333
a_6,4152,0.128,46.875
a_6,1053,0.441,15.873
a_6,3030,2.484,2.012
a_6,5667,0.101,39.603
a_6,587,0.203,24.63
a_6,3826,0.109,9.174
a_6,64,0.45,6.666
a_6,5247,0.34,26.47
a_6,4790,0.174,22.988
a_6,1418,1.283,5.455
a_6,58,0.471,4.246
a_6,4616,0.206,14.563
a_6,1181,0.26,11.538
a_6,5813,0.188,21.276
a_6,4180,0.057,35.087
a_6,2598,0.769,2.6
a_6,5486,0.995,8.04
a_6,4048,0.073,27.397
a_6,3189,0.187,16.042
a_6,1383,0.126,15.873
a_6,922,1.972,580.628
a_6,4390,0.144,27.777
a_6,1575,0.366,109.289
a_6,2182,0.195,15.384
a_6,4533,0.196,71.428
a_6,2762,0.166,30.12
a_6,3569,0.071,42.253
a_6,4404,0.075,40.0
a_6,2489,0.301,9.966
a_6,635,0.331,12.084
a_6,1526,0.319,62.695
a_6,4300,0.132,310.606
a_6,1510,0.716,4.189
a_6,2518,0.433,6.928
a_6,3427,0.391,10.23
a_6,5652,0.041,97.56
a_6,3530,0.102,29.411
a_6,2774,0.165,30.303
a_6,285,0.136,51.47
a_6,2316,0.53,5.66
a_6,33,0.302,9.933
a_6,838,0.722,4.155
a_6,4535,0.066,45.454
a_6,5509,0.241,8.298
a_6,1049,0.807,12.391
a_6,1869,1.111,7.2
a_6,4986,0.061,32.786
a_6,4124,0.04,50.0
a_6,2213,0.084,35.714
a_6,3225,0.258,19.379
a_6,1999,0.326,6.134
a_6,1968,0.147,20.408
a_6,308,0.14,49.999
a_6,2449,0.554,39.711
a_6,4055,0.183,16.393
a_6,4844,0.065,46.153
a_6,2126,0.457,17.505
a_6,3446,0.163,24.539
a_6,5361,0.231,34.632
a_6,4296,0.177,231.638
a_6,5057,0.149,187.919
a_6,1942,0.331,12.084
a_6,5428,0.544,3.676
a_6,3944,0.056,107.142
a_6,4405,0.132,30.303
a_6,1018,0.249,8.032
a_6,4158,0.123,89.43
a_6,4179,0.124,16.129
a_6,412,12.097,0.661
a_6,630,0.242,12.396
a_6,4260,0.243,16.46
a_6,2913,0.214,14.018
a_6,1517,0.132,15.151
a_6,5383,0.182,10.989
a_6,2807,0.164,30.487
a_7,3223,0.391,10.23
a_7,4067,0.648,98.765
a_7,3632,0.051,58.823
a_7,4724,0.075,26.666
a_7,1151,0.465,19.354
a_7,5201,0.314,12.738
a_7,84,0.894,2.237
a_7,5360,0.147,13.605
a_7,4173,0.104,38.461
a_7,3929,0.044,136.363
a_7,3698,0.113,26.548
a_7,1261,0.164,18.292
a_7,4155,1.003,3.988
a_7,4464,0.196,20.408
a_7,3820,0.103,9.708
a_7,3849,0.047,85.106
a_7,1322,0.16,37.5
a_7,1941,1.821,2.196
a_7,3312,0.361,445.983
a_7,3837,0.142,21.126
a_7,1587,0.38,5.263
a_7,1617,0.185,16.216
a_7,2327,1.877,4.794
a_7,4919,0.131,22.9
a_7,1799,0.358,5.586
a_7,1760,0.159,113.207
a_7,1043,0.364,13.736
a_7,2488,0.236,67.796
a_7,1035,0.377,13.262
a_7,2052,0.073,27.397
a_7,5134,3.916,0.766
a_7,2557,0.705,2.836
a_7,356,0.22,31.818
a_7,3533,0.094,31.914
a_7,1445,0.168,23.809
a_7,5086,0.335,11.94
a_7,4871,0.12,25.0
a_7,4135,0.243,37.037
a_7,4786,0.136,14.705
a_7,2473,0.138,231.884
a_7,1218,0.789,25.348
a_7,1750,5.166,3.677
a_7,280,0.132,53.03
a_7,2344,0.161,86.956
a_7,5073,0.145,13.793
a_7,645,0.548,25.547
a_7,398,0.201,34.825
a_7,3796,0.118,67.796
a_7,4708,0.247,12.145
a_7,5574,1.081,105.457
a_7,4611,0.16,18.75
a_7,1235,0.221,36.199
a_7,599,0.369,10.84
a_7,857,0.539,3.71
a_7,739,0.687,5.822
a_7,2136,0.334,8.982
a_7,143,0.136,22.058
a_7,427,0.187,37.433
a_7,3739,0.068,44.117
a_7,2370,0.227,35.242
a_7,2005,0.703,2.844
a_7,4231,0.064,62.5
a_7,5286,0.147,88.435
a_7,5164,0.358,13.966
a_7,5105,0.079,25.316
a_7,4245,0.066,45.454
a_7,3095,0.315,25.396
a_7,728,0.356,19.662
a_7,5062,0.096,135.416
a_7,5127,0.654,4.587
a_7,2257,0.348,8.62
a_7,4899,0.208,9.615
a_7,1997,0.253,3.952
a_7,1804,0.357,11.204
a_7,2128,0.258,11.627
a_7,1026,0.265,11.32
a_7,2356,0.148,20.27
a_7,3583,0.057,52.631
a_7,4798,0.16,12.5
a_7,3805,0.111,72.072
a_7,506,0.352,53.977
a_7,3817,0.181,16.574
a_7,4336,0.195,20.512
a_7,3834,0.172,11.627
a_7,3403,0.148,33.783
a_7,5326,0.625,75.2
a_7,3507,0.058,51.724
a_7,2527,0.252,7.936
a_7,5228,0.563,5.328
a_7,344,0.135,51.851
a_7,2809,0.178,28.089
a_7,1964,0.329,9.118
a_7,3990,0.043,162.79
a_7,4446,0.088,34.09
a_7,3581,0.14,21.428
a_7,377,0.21,33.333
a_7,4286,0.11,27.272
a_7,3041,0.106,56.603
a_7,5100,0.358,5.586
a_7,1229,0.243,32.921
a_7,5704,0.046,65.217
a_7,3766,0.043,69.767
a_7,5038,0.313,12.779
a_7,1461,0.545,5.504
a_7,153,0.29,6.896
a_7,1950,0.163,18.404
a_7,3024,0.245,12.244
a_7,5156,1.342,2.235
a_7,1223,0.229,39.301
a_7,5347,0.174,11.494
a_7,246,0.151,46.357
a_7,5099,0.236,16.949
a_7,3054,0.367,8.174
a_8,523,0.305,9.836
a_8,4828,3.347,781.595
a_8,4767,0.366,5.464
a_8,34,1.516,1.978
a_8,1836,0.404,7.425
a_8,3957,0.097,61.855
a_8,2958,0.429,6.993
a_8,2667,0.311,308.681
a_8,3914,0.103,29.126
a_8,1191,0.26,7.692
a_8,5489,0.376,5.319
a_8,5373,0.038,78.947
a_8,1665,0.148,33.783
a_8,1773,15.364,0.195
a_8,3173,0.198,15.151
a_8,4601,0.038,105.263
a_8,5140,0.283,7.067
a_8,2168,0.699,115.879
a_8,1029,0.254,11.811
a_8,3143,0.317,9.463
a_8,1012,0.268,7.462
a_8,2483,0.136,205.882
a_8,5466,0.129,54.263
a_8,4825,0.083,24.096
a_8,5728,0.116,17.241
a_8,4586,0.074,40.54
a_8,2876,0.164,30.487
a_8,4099,0.157,229.299
a_8,1039,0.372,8.064
a_8,4188,0.121,33.057
a_8,431,17.644,0.396
a_8,721,0.245,16.326
a_8,3043,0.3,13.333
a_8,4433,0.127,31.496
a_8,543,0.026,115.384
a_8,4274,0.214,18.691
a_8,4369,0.311,12.861
a_8,5608,0.242,12.396
a_8,1693,0.145,34.482
a_8,4898,0.515,7.766
a_8,2823,0.164,24.39
a_8,893,0.837,3.584
a_8,4701,0.174,22.988
a_8,1505,0.622,8.038
a_8,2582,0.253,7.905
a_8,2766,0.173,23.121
a_8,2436,0.333,12.012
a_8,2324,0.567,3.527
a_8,4684,0.172,116.279
a_8,4606,0.912,3.289
a_8,2868,0.172,29.069
a_8,1328,0.167,23.952
a_8,2108,0.315,9.523
a_8,5379,0.135,22.222
a_8,1363,0.456,6.578
a_8,4619,0.097,30.927
a_8,3103,0.251,11.952
a_8,5814,0.168,23.809
a_8,4184,0.034,58.823
a_8,3494,0.148,13.513
a_8,562,0.134,22.388
a_8,3733,0.04,75.0
a_8,3899,0.108,296.296
a_8,129,0.324,9.259
a_8,671,0.577,6.932
a_8,4520,0.203,19.704
a_8,5429,0.207,9.661
a_8,813,0.557,8.976
a_8,1586,0.773,236.739
a_8,1416,0.305,9.836
a_8,1313,0.185,16.216
a_8,5016,0.16,12.5
a_8,5454,0.126,23.809
a_8,2700,0.165,30.303
a_8,238,0.694,10.086
a_8,9,0.666,4.504
a_8,4677,0.203,49.261
a_8,3212,0.214,14.018
a_8,707,0.501,7.984
a_8,4965,1.575,1.904
a_8,271,0.134,52.238
a_8,3959,0.133,7.518
a_8,581,0.116,25.862
a_8,4365,0.068,44.117
a_8,5039,0.151,19.867
a_8,2583,0.315,6.349
a_8,3803,0.117,68.376
a_8,2947,0.496,8.064
a_8,2633,0.235,634.042
a_8,2391,0.218,36.697
a_8,2790,0.169,29.585
a_8,1868,0.475,4.21
a_8,273,12.54,0.637
a_8,2749,0.165,30.303
a_8,1115,0.407,9.828
a_8,5345,0.135,14.814
a_8,240,0.13,53.846
a_8,5165,0.339,20.648
a_8,704,0.33,6.06
a_8,2679,1.493,24.782
a_8,4691,0.414,7.246
a_8,4151,0.188,26.595
a_8,1030,0.193,15.544
a_8,81,0.903,2.214
a_8,2114,0.345,5.797
a_8,1413,0.329,6.079
a_8,3135,0.289,10.38
a_8,4532,0.086,23.255
a_8,5189,0.829,3.618
a_8,3228,0.226,26.548
a_8,4809,0.493,4.056
a_9,4163,0.474,6.329
a_9,5279,0.144,27.777
a_9,4356,0.145,27.586
a_9,1405,0.503,3.976
a_9,505,0.735,10.884
a_9,2979,0.231,17.316
a_9,449,0.138,65.217
a_9,2959,0.121,24.793
a_9,5218,0.613,32.626
a_9,170,0.326,239.263
a_9,5645,0.042,47.619
a_9,4579,0.089,101.123
a_9,3100,0.302,9.933
a_9,3985,0.043,116.279
a_9,1681,0.136,36.764
a_9,4944,0.186,10.752
a_9,3709,0.366,284.153
a_9,5474,0.13,69.23
a_9,3703,9.587,0.312
a_9,3871,0.051,78.431
a_9,4889,2.826,2.123
a_9,1730,0.939,158.679
a_9,5760,0.251,15.936
a_9,1995,0.127,23.622
a_9,75,0.718,4.178
a_9,4534,0.161,24.844
a_9,3763,0.018,166.666
a_9,653,0.238,8.403
a_9,2651,0.36,16.666
a_9,2039,0.41,7.317
a_9,5768,2.711,1.475
a_9,5178,0.259,11.583
a_9,548,0.769,512.353
a_9,159,1.152,2.604
a_9,4281,0.129,31.007
a_9,186,0.458,19.65
a_9,3463,0.081,37.037
a_9,3663,0.171,17.543
a_9,1921,0.346,11.56
a_9,2186,0.297,33.67
a_9,3404,0.177,22.598
a_9,4201,0.036,83.333
a_9,4992,0.169,23.668
a_9,1480,4.354,18.603
a_9,5310,0.03,166.666
a_9,1864,0.285,14.035
a_9,5195,0.285,10.526
a_9,1812,0.372,10.752
a_9,5162,0.312,16.025
a_9,2433,15.405,0.194
a_9,1038,0.175,17.142
a_9,3107,0.547,9.14
a_9,2043,2.14,1.401
a_9,4792,0.273,14.652
a_9,2,0.239,25.104
a_9,2516,0.406,29.556
a_9,4396,0.192,20.833
a_9,2715,0.169,29.585
a_9,556,0.278,28.776
a_9,918,0.292,6.849
a_9,1500,0.167,11.976
a_9,4174,0.264,568.181
a_9,5472,0.131,53.435
a_9,2635,0.248,286.29
a_9,938,0.969,4.127
a_9,750,0.282,10.638
a_9,1145,0.25,12.0
a_9,22,0.239,12.552
a_9,3593,0.056,53.571
a_9,5408,0.088,34.09
a_9,2417,0.272,7.352
a_9,5356,0.183,32.786
a_9,1316,0.646,3.095
a_9,287,0.177,39.548
a_9,3972,0.152,6.578
a_9,4893,0.352,122.159
a_9,583,0.076,39.473
a_9,4453,0.114,35.087
a_9,3165,0.279,14.336
a_9,3489,0.149,26.845
a_9,1956,0.381,7.874
a_9,5299,0.321,6.23
a_9,1394,0.5,150.0
a_9,2078,0.211,14.218
a_9,4627,0.183,437.158
a_9,5067,0.143,20.979
a_9,4710,0.127,15.748
a_10,5638,0.044,68.181
a_10,475,0.181,49.723
a_10,1690,0.152,32.894
a_10,4403,0.068,58.823
a_10,1633,0.406,9.852
a_10,834,9.733,0.205
a_10,5602,0.182,27.472
a_10,1407,0.309,6.472
a_10,1149,0.292,13.698
a_10,1403,0.393,5.089
a_10,4022,0.088,22.727
a_10,4461,0.133,30.075
a_10,601,0.395,17.721
a_10,1457,1.941,355.486
a_10,1369,2.097,1.43
a_10,191,0.883,5.662
a_10,2919,0.354,8.474
a_10,3370,0.069,463.768
a_10,4371,0.065,61.538
a_10,5705,0.097,30.927
a_10,21,1.176,2.551
a_10,5298,0.112,17.857
a_10,5377,0.076,92.105
a_10,1789,0.43,11.627
a_10,718,1.337,1.495
a_10,1821,0.471,4.246
a_10,5334,0.144,27.777
a_10,2912,0.113,26.548
a_10,5395,0.078,25.641
a_10,2484,0.268,59.701
a_10,5697,0.199,507.537
a_10,2334,0.173,17.341
a_10,4303,0.127,338.582
a_10,3627,0.03,100.0
a_10,2418,0.427,9.367
a_10,1139,0.389,23.136
a_10,3668,0.055,54.545
a_10,4887,0.221,171.945
a_10,3615,0.115,26.086
a_10,1608,0.399,22.556
a_10,5098,0.12,25.0
a_10,141,0.28,10.714
a_10,2041,4.452,0.673
a_10,4818,0.234,21.367
a_10,4144,0.14,21.428
a_10,4695,0.09,111.111
a_10,4972,0.119,100.84
a_10,2523,0.25,12.0
a_10,4083,0.075,40.0
a_10,3161,1.074,3.724
a_10,2238,0.202,14.851
a_10,1742,0.2,355.0
a_10,4558,0.12,341.666
a_10,1118,0.401,9.975
a_10,4926,0.141,21.276
a_10,848,0.943,36.055
a_10,3774,0.918,3.267
a_10,711,0.986,4.056
a_10,3600,0.036,83.333
a_10,265,0.166,42.168
a_10,1472,1.049,2.859
a_10,916,0.353,8.498
a_10,1679,0.141,35.46
a_10,3046,0.284,10.563
a_10,361,0.26,26.923
a_10,1254,0.152,19.736
a_10,3339,0.118,50.847
a_10,3206,0.23,13.043
a_10,4484,0.284,14.084
a_10,2923,0.167,17.964
a_10,3091,0.505,5.94
a_10,929,0.179,33.519
a_10,66,14.441,0.207
a_10,3422,0.196,15.306
a_10,1006,0.272,7.352
a_10,3792,0.12,66.666
a_10,1109,0.456,8.771
a_10,3203,0.207,14.492
a_10,4687,0.752,390.957
a_10,4358,0.064,62.5
a_10,2059,2.334,982.433
a_10,2448,0.305,13.114
a_10,3948,0.343,256.559
a_10,2472,0.452,22.123
a_10,3870,0.103,58.252
a_10,5212,0.334,11.976
a_10,4305,0.372,295.698
a_10,2739,0.17,29.411
a_10,2927,0.259,11.583
a_10,2087,0.33,6.06
a_10,1007,0.239,8.368
a_10,1203,1.0,1.0
a_10,3505,0.19,10.526
a_10,1835,0.395,7.594
a_10,4590,0.454,11.013
a_10,3665,0.075,40.0
a_10,5618,0.159,18.867
a_10,1570,0.141,42.553
a_10,5058,0.121,16.528
a_10,4145,0.092,271.739
a_10,303,0.132,53.03
a_10,4344,5.206,0.768
a_10,527,0.3,10.0
a_10,3130,0.416,14.423
a_10,5161,0.27,11.111
a_11,2394,0.141,21.276
a_11,3058,0.323,27.863
a_11,5460,0.13,53.846
a_11,2171,0.767,203.389
a_11,4171,0.085,82.352
a_11,4881,0.085,94.117
a_11,5450,0.119,25.21
a_11,3886,0.131,30.534
a_11,5557,0.612,19.607
a_11,4920,0.04,50.0
a_11,5461,0.388,23.195
a_11,2022,0.257,11.673
a_11,1222,0.677,13.293
a_11,4807,0.147,27.21
a_11,5171,0.381,10.498
a_11,2845,0.164,30.487
a_11,3399,0.475,16.842
a_11,2712,0.185,27.027
a_11,1226,0.239,37.656
a_11,2760,0.177,28.248
a_11,5512,0.234,8.547
a_11,3894,0.101,79.207
a_11,3706,4.962,0.403
a_11,1299,0.183,387.978
a_11,5166,0.274,7.299
a_11,5241,3.197,1.251
a_11,5724,0.115,747.826
a_11,4969,0.172,23.255
a_11,1716,0.883,278.595
a_11,3056,0.28,10.714
a_11,551,0.191,15.706
a_11,3419,0.14,21.428
a_11,2069,0.43,6.976
a_11,5629,0.131,30.534
a_11,2617,3.556,0.562
a_11,3232,0.292,10.273
a_11,1358,0.505,7.92
a_11,3093,0.283,14.134
a_11,5655,0.125,24.0
a_11,2148,0.336,8.928
a_11,3406,0.199,15.075
a_11,5180,0.327,42.813
a_11,1154,0.273,10.989
a_11,4228,0.061,32.786
a_11,558,0.091,21.978
a_11,3226,0.242,12.396
a_11,172,0.6,10.0
a_11,4101,0.316,9.493
a_11,5670,0.046,65.217
a_11,3912,0.181,16.574
a_11,1527,0.648,18.518
a_11,1975,0.248,8.064
a_11,42,0.892,5.605
a_11,5613,0.152,19.736
a_11,5482,0.138,65.217
a_11,4761,0.132,22.727
a_11,2321,0.672,4.464
a_11,5131,0.36,5.555
a_11,2184,0.31,32.258
a_11,2063,0.422,7.109
a_11,4456,0.063,47.619
a_11,2826,0.177,22.598
a_11,4795,0.2,185.0
a_11,4192,0.072,152.777
a_11,4960,0.592,6.756
a_11,1571,0.142,42.253
a_11,2726,0.161,31.055
a_11,779,0.692,4.335
a_11,1267,0.122,24.59
a_11,1531,0.612,9.803
a_11,5749,0.166,24.096
a_11,1931,0.13,23.076
a_11,3433,0.138,28.985
a_11,5145,0.3,10.0
a_11,3751,0.26,11.538
a_11,2973,0.207,67.632
a_11,507,0.155,12.903
a_11,113,0.314,15.923
a_11,4585,0.163,12.269
a_11,1966,0.146,20.547
a_11,4731,0.672,8.928
a_11,4789,0.141,85.106
a_11,2188,0.326,12.269
a_11,4867,0.093,21.505
a_11,3198,0.199,15.075
a_11,4797,0.216,23.148
a_11,3874,0.376,15.957
a_11,3859,0.065,30.769
a_11,4248,0.064,46.875
a_11,424,12.416,0.644
a_11,2461,0.147,20.408
a_11,4773,0.212,14.15
a_11,4477,0.508,5.905
a_11,125,0.282,10.638
a_11,1820,0.313,9.584
a_11,3553,0.062,48.387
a_11,86,0.884,3.393
a_11,5262,0.095,31.578
a_11,1309,0.674,4.451
a_11,2151,0.334,5.988
a_11,1442,0.454,4.405
a_11,155,0.235,42.553
a_11,5717,0.09,33.333
a_11,1953,0.364,8.241
a_11,241,12.592,0.635
a_11,3540,0.047,63.829
a_12,5122,0.573,29.668
a_12,2221,2.023,1.482
a_12,1710,0.138,224.637
a_12,119,0.326,30.674
a_12,4501,0.186,10.752
a_12,2629,0.401,7.481
a_12,4888,0.078,25.641
a_12,511,0.438,50.228
a_12,1664,0.138,36.231
a_12,1649,0.157,31.847
a_12,4727,0.121,16.528
a_12,5500,0.548,3.649
a_12,627,0.471,235.668
a_12,2563,1.658,272.014
a_12,2454,0.187,16.042
a_12,220,0.195,35.897
a_12,5453,0.129,23.255
a_12,5393,0.111,27.027
a_12,5722,0.047,63.829
a_12,2282,0.171,93.567
a_12,333,0.252,27.777
a_12,5599,0.328,15.243
a_12,4922,0.163,18.404
a_12,3996,0.117,25.641
a_12,3587,0.056,53.571
a_12,3557,0.059,50.847
a_12,1469,0.489,4.089
a_12,2467,0.353,8.498
a_12,2655,0.625,4.8
a_12,2666,0.703,100.995
a_12,1243,0.168,17.857
a_12,2187,0.308,6.493
a_12,5107,0.133,52.631
a_12,2281,0.345,5.797
a_12,3444,0.165,24.242
a_12,3999,0.088,34.09
a_12,4955,0.322,9.316
a_12,4814,0.182,16.483
a_12,4936,0.162,30.864
a_12,2149,0.339,8.849
a_12,3387,0.47,17.021
a_12,1346,0.406,9.852
a_12,5804,0.455,573.626
a_12,699,0.321,9.345
a_12,628,0.746,821.715
a_12,1940,0.311,9.646
a_12,690,0.562,3.558
a_12,1458,0.868,11.52
a_12,2323,0.728,2.747
a_12,5483,0.13,69.23
a_12,3256,1.125,3.555
a_12,2341,0.181,16.574
a_12,5793,0.107,37.383
a_12,1385,0.794,6.297
a_12,2853,0.172,29.069
a_12,3171,0.218,27.522
a_12,1014,0.26,11.538
a_12,3013,0.408,9.803
a_12,3084,0.48,8.333
a_12,3411,0.235,12.765
a_12,2340,0.177,16.949
a_12,814,0.821,3.654
a_12,4982,0.149,107.382
a_12,4826,0.513,307.992
a_12,632,0.248,8.064
a_12,248,0.183,38.251
a_12,1875,0.609,6.568
a_12,1814,0.367,10.899
a_12,5661,0.065,46.153
a_12,5671,0.02,100.0
a_12,1518,0.135,22.222
a_12,1547,0.788,2.538
a_12,999,0.546,5.494
a_12,3213,0.233,17.167
a_12,257,0.134,52.238
a_12,1643,0.136,36.764
a_12,1424,0.399,15.037
a_12,3353,0.068,29.411
a_12,5528,0.177,39.548
a_12,279,0.135,51.851
a_12,1678,0.136,36.764
a_12,4289,0.1,30.0
a_12,1087,0.16,18.75
a_12,3326,0.121,57.851
a_12,3915,0.059,101.694
a_12,606,0.197,15.228
a_12,4081,0.154,266.233
a_12,2015,0.548,7.299
a_13,5519,0.322,118.012
a_13,2697,0.165,30.303
a_13,4754,0.135,303.703
a_13,3823,0.102,9.803
a_13,957,0.345,8.695
a_13,5678,0.173,583.815
a_13,3923,0.07,85.714
a_13,2701,0.164,24.39
a_13,5124,0.521,3.838
a_13,832,1.023,1.955
a_13,924,0.363,101.928
a_13,3526,0.063,47.619
a_13,4718,0.111,27.027
a_13,1880,0.618,3.236
a_13,5153,0.092,32.608
a_13,1676,0.142,35.211
a_13,3158,0.306,9.803
a_13,2495,0.406,12.315
a_13,2048,3.669,1.09
a_13,5601,0.165,30.303
a_13,663,0.519,9.633
a_13,5214,0.444,4.504
a_13,2086,0.305,9.836
a_13,1499,1.054,2.846
a_13,2522,0.303,13.201
a_13,4279,0.081,49.382
a_13,3916,0.029,206.896
a_13,2778,0.174,22.988
a_13,2088,0.145,13.793
a_13,3060,1.382,459.479
a_13,4810,0.144,20.833
a_13,1694,0.142,35.211
a_13,3679,0.082,36.585
a_13,784,0.612,4.901
a_13,5824,0.477,8.385
a_13,3590,0.028,107.142
a_13,3315,0.142,42.253
a_13,4441,0.063,63.492
a_13,2167,0.153,19.607
a_13,3249,0.129,31.007
a_13,3598,0.072,41.666
a_13,1639,0.135,37.037
a_13,1271,0.668,5.988
a_13,5459,0.292,23.972
a_13,2589,0.275,7.272
a_13,3685,0.059,50.847
a_13,3900,0.061,81.967
a_13,339,0.138,50.724
a_13,3037,0.315,120.634
a_13,3902,0.256,417.968
a_13,2660,0.422,26.066
a_13,2121,0.977,333.674
a_13,1041,0.17,17.647
a_13,3558,0.067,44.776
a_13,5572,0.189,26.455
a_13,1898,0.383,7.832
a_13,1255,0.036,83.333
a_13,651,0.224,8.928
a_13,5431,15.077,0.132
a_13,3023,0.265,11.32
a_13,3982,0.078,38.461
a_13,1576,0.174,321.839
a_13,5539,0.17,41.176
a_13,2400,0.179,16.759
a_13,1119,0.4,10.0
a_13,1762,0.779,2.567
a_13,5657,0.063,47.619
a_13,821,0.673,2.971
a_13,4452,0.065,46.153
a_13,1091,0.255,11.764
a_13,2102,0.34,14.705
a_13,4774,0.224,13.392
a_13,231,0.141,49.645
a_13,1761,0.335,5.97
a_13,2197,0.44,47.727
a_13,524,0.318,9.433
a_13,3822,0.102,9.803
a_13,5187,0.343,8.746
a_13,2047,0.412,9.708
a_13,494,0.26,30.769
a_13,5084,0.093,21.505
a_13,4334,0.065,61.538
a_13,5093,0.043,69.767
a_13,3137,0.45,6.666
a_13,574,0.37,10.81
a_13,5389,0.03,200.0
a_13,2342,1.07,485.981
a_13,660,0.777,5.148
a_13,469,0.256,35.156
a_13,4445,0.127,31.496
a_13,1400,0.524,5.725
a_13,1307,0.284,10.563
a_13,419,0.944,7.415
a_13,1704,0.176,335.227
a_13,144,0.31,6.451
a_13,1481,0.553,10.849
a_13,5406,0.05,60.0
a_13,5179,0.508,9.842
a_13,810,0.599,6.677
a_13,3746,0.071,42.253
a_13,1758,0.323,6.191
a_13,4649,0.701,8.559
a_13,5741,0.193,56.994
a_13,249,0.132,53.03
a_13,4475,0.133,22.556
a_13,1381,0.385,7.792
a_13,5213,1.319,3.032
a_13,4639,0.378,5.291
a_13,300,0.506,17.786
a_14,1162,0.406,9.852
a_14,715,0.356,11.235
a_14,5623,0.219,13.698
a_14,4335,0.197,203.045
a_14,3534,0.046,65.217
a_14,2673,0.363,19.283
a_14,5288,0.141,21.276
a_14,4395,10.099,0.396
a_14,1246,0.137,21.897
a_14,3578,0.135,22.222
a_14,972,0.905,89.502
a_14,532,0.056,53.571
a_14,1335,0.502,3.984
a_14,921,0.76,105.263
a_14,4288,0.104,38.461
a_14,3396,0.529,15.122
a_14,5358,0.073,178.082
a_14,124,0.156,19.23
a_14,3398,0.488,16.393
a_14,2024,0.436,6.88
a_14,5137,0.634,6.309
a_14,3690,0.094,31.914
a_14,4312,0.152,269.736
a_14,3200,0.194,20.618
a_14,4342,0.117,34.188
a_14,371,0.158,44.303
a_14,2998,0.17,23.529
a_14,5786,0.087,22.988
a_14,1552,0.558,3.584
a_14,3520,0.078,38.461
a_14,2475,0.14,71.428
a_14,782,2.895,1.727
a_14,1409,0.342,5.847
a_14,1830,0.34,8.823
a_14,5401,0.155,77.419
a_14,2422,0.948,65.4
a_14,633,0.228,13.157
a_14,396,11.589,0.69
a_14,5394,0.075,40.0
a_14,5799,0.125,32.0
a_14,1916,0.227,13.215
a_14,2636,0.227,317.18
a_14,2506,0.28,14.285
a_14,5721,0.095,31.578
a_14,2272,0.185,10.81
a_14,3108,0.254,11.811
a_14,1737,0.145,213.793
a_14,648,0.488,4.098
a_14,770,0.539,5.565
a_14,5222,0.275,7.272
a_14,3310,0.123,32.52
a_14,844,0.571,7.005
a_14,4719,0.166,54.216
a_14,5227,0.33,9.09
a_14,458,0.096,93.75
a_14,2176,0.147,13.605
a_14,2385,0.221,36.199
a_14,4747,0.109,18.348
a_14,350,0.13,69.23
a_14,2646,0.399,10.025
a_14,281,0.137,51.094
a_14,4247,0.065,61.538
a_14,3729,0.048,62.5
a_14,347,0.13,53.846
a_14,1448,0.415,36.144
a_14,4796,0.041,73.17
a_14,682,0.344,5.813
a_14,1692,0.148,33.783
a_14,1311,0.228,17.543
a_14,2517,0.288,6.944
a_14,4983,0.055,90.909
a_14,826,1.932,1.552
a_14,5681,0.124,24.193
a_14,420,12.287,0.651
a_14,926,0.309,197.411
a_14,4609,0.142,63.38
a_14,4917,0.027,111.111
a_14,2579,1.542,166.018
a_14,1684,0.146,34.246
a_14,3168,0.216,18.518
a_14,2601,0.431,9.28
a_14,5320,0.125,16.0
a_14,1563,0.556,3.597
a_14,5028,0.199,10.05
a_14,5066,0.257,15.564
a_14,4385,0.082,48.78
a_14,284,0.131,53.435
a_14,411,1.398,5.007
a_14,623,0.249,8.032
a_14,5311,0.074,40.54
a_14,5160,0.459,4.357
a_14,2235,0.384,7.812
a_14,2659,0.418,4.784
a_14,185,0.46,13.043
a_14,3441,0.165,18.181
a_14,5417,0.086,23.255
a_14,1763,0.522,9.578
a_14,5037,0.157,19.108
a_14,4676,0.118,542.372
a_14,278,0.87,8.045
a_14,5050,0.203,14.778
a_14,5059,0.08,25.0
a_14,5184,0.296,10.135
a_14,2526,0.529,11.342
a_14,4387,0.848,8.254
a_14,4088,0.131,45.801
a_14,3395,0.513,15.594
a_14,336,0.132,53.03
a_14,3521,0.082,36.585
a_14,735,0.737,4.07
a_14,2443,0.711,4.219
a_14,4455,0.074,54.054
a_14,753,0.576,5.208
a_14,4450,0.065,46.153
a_15,769,0.251,7.968
a_15,678,1.118,1.788
a_15,1113,0.467,6.423
a_15,1521,0.582,3.436
a_15,1720,0.151,397.35
a_15,2662,0.438,9.132
a_15,959,0.619,3.231
a_15,1172,0.327,12.232
a_15,1938,0.31,9.677
a_15,1960,0.124,24.193
a_15,2498,0.329,9.118
a_15,53,0.578,6.92
a_15,4967,0.494,319.838
a_15,3072,0.358,11.173
a_15,4778,0.144,20.833
a_15,4559,0.175,234.285
a_15,2398,0.199,15.075
a_15,1889,0.448,6.696
a_15,5747,0.331,604.229
a_15,5465,0.129,69.767
a_15,5378,0.041,170.731
a_15,288,0.139,50.359
a_15,1242,0.683,4.392
a_15,4802,0.34,11.764
a_15,3723,0.333,9.009
a_15,4912,0.275,10.909
a_15,1491,0.332,15.06
a_15,768,1.262,74.484
a_15,3360,0.062,822.58
a_15,2185,0.541,5.545
a_15,2510,0.352,5.681
a_15,3808,0.063,190.476
a_15,3066,0.975,9.23
a_15,5769,0.137,21.897
a_15,2033,0.206,14.563
a_15,5149,0.366,10.928
a_15,5694,0.048,62.5
a_15,251,0.132,53.03
a_15,2810,0.166,24.096
a_15,1244,0.566,5.3
a_15,4892,0.343,17.492
a_15,1674,0.156,32.051
a_15,4224,0.063,47.619
a_15,2313,0.303,6.6
a_15,5484,2.502,3.197
a_15,2695,0.167,23.952
a_15,391,0.15,46.666
a_15,4292,0.12,33.333
a_15,4112,0.27,18.518
a_15,4876,0.111,18.018
a_15,1234,0.27,33.333
a_15,1954,0.121,24.793
a_15,3873,0.05,120.0
a_15,508,0.042,47.619
a_15,2926,0.104,28.846
a_15,2742,0.165,30.303
a_15,2294,0.402,9.95
a_15,822,0.968,2.066
a_15,2871,0.165,30.303
a_15,2852,0.164,30.487
a_15,3242,0.194,15.463
a_15,272,0.133,52.631
a_15,2856,0.165,30.303
a_15,3608,0.146,20.547
a_15,5690,0.17,594.117
a_15,3664,0.202,14.851
a_15,3588,0.056,53.571
a_15,82,1.081,3.7
a_15,2696,0.165,30.303
a_15,1506,4.321,6.017
a_15,2555,0.318,9.433
a_15,1167,0.281,17.793
a_15,4049,0.067,29.85
a_15,3431,0.099,40.404
a_15,2233,0.198,10.101
a_15,1265,0.195,15.384
a_15,4050,0.069,28.985
a_15,290,0.133,52.631
a_15,1919,0.401,7.481
a_15,3254,0.079,63.291
a_15,2841,0.164,30.487
a_15,5035,0.208,24.038
a_15,2210,0.406,32.019
a_15,368,0.175,40.0
a_15,1793,0.161,18.633
a_15,3336,0.136,44.117
a_15,1829,0.335,8.955
a_15,2284,0.498,4.016
a_15,139,0.528,240.53
a_15,4150,0.068,44.117
a_15,856,0.566,3.533
a_16,1183,0.357,5.602
a_16,1419,0.146,47.945
a_16,68,0.521,5.758
a_16,3442,0.164,18.292
a_16,2784,0.166,30.12
a_16,1404,0.979,2.042
a_16,5267,0.188,15.957
a_16,642,0.25,484.0
a_16,1593,0.592,13.513
a_16,2568,0.311,6.43
a_16,5216,0.435,6.896
a_16,2821,0.168,29.761
a_16,4147,0.095,263.157
a_16,2432,0.675,4.444
a_16,4997,1.259,2.382
a_16,3344,0.228,162.28
a_16,1731,0.644,104.037
a_16,2329,1.776,5.067
a_16,580,0.119,25.21
a_16,5798,0.124,137.096
a_16,1022,0.297,13.468
a_16,2414,0.374,26.737
a_16,200,1.426,6.311
a_16,1259,0.707,4.243
a_16,2937,0.115,34.782
a_16,2948,0.187,21.39
a_16,2571,0.326,6.134
a_16,150,0.233,12.875
a_16,2205,0.77,3.896
a_16,5293,0.075,40.0
a_16,3112,0.341,11.73
a_16,3770,0.067,44.776
a_16,563,0.132,22.727
a_16,1604,0.407,22.113
a_16,1834,0.363,8.264
a_16,2556,0.326,9.202
a_16,2791,0.165,30.303
a_16,975,0.527,5.692
a_16,3574,0.103,29.126
a_16,1084,0.144,20.833
a_16,4436,0.126,31.746
a_16,2122,0.247,16.194
a_16,1558,0.887,4.509
a_16,98,4.74,0.843
a_16,4026,0.107,18.691
a_16,2338,0.154,12.987
a_16,2083,1.328,1.506
a_16,1310,0.275,14.545
a_16,3077,0.226,8.849
a_16,1659,0.174,28.735
a_16,603,0.194,67.01
a_16,4725,0.168,77.38
a_16,4159,0.182,16.483
a_16,2704,0.165,24.242
a_16,63,0.481,6.237
a_16,4306,0.278,147.482
a_16,5074,0.32,59.375
a_16,2657,0.473,6.342
a_16,4063,0.16,93.75
a_16,1132,0.251,7.968
a_16,1723,0.149,543.624
a_16,1054,0.507,17.751
a_16,954,0.26,7.692
a_16,3451,0.162,24.691
a_16,94,3.722,1.074
a_16,2156,0.385,7.792
a_16,1861,0.462,6.493
a_16,266,0.231,30.303
a_16,2020,0.248,40.322
a_16,3487,0.228,13.157
a_16,4237,0.07,57.142
a_16,5525,0.306,13.071
a_16,1496,0.416,2.403
a_16,1152,0.403,22.332
a_16,5685,0.091,32.967
a_16,3016,0.315,9.523
a_16,1141,0.308,6.493
a_16,5317,0.177,22.598
a_16,4042,0.4,45.0
a_16,4765,0.229,13.1
a_16,1613,0.376,7.978
a_16,4645,0.081,172.839
a_16,2566,0.15,13.333
a_16,754,0.486,10.288
a_16,2813,0.165,30.303
a_16,3323,0.123,48.78
a_16,3199,0.386,10.362
a_16,5766,0.11,27.272
a_16,3231,0.237,12.658
a_16,3953,0.063,95.238
a_16,4954,0.063,47.619
a_16,3562,0.064,46.875
a_16,4914,0.121,24.793
a_16,920,0.547,53.016
a_16,461,0.183,49.18
a_16,4720,0.099,20.202
a_16,2941,0.11,36.363
a_16,3027,1.769,146.975
a_16,4016,0.03,66.666
a_16,1185,0.466,25.751
a_16,1137,0.269,7.434
a_16,3778,0.281,10.676
a_16,2755,0.165,24.242
a_16,20,0.21,14.285
a_16,233,12.179,0.656
a_16,1129,0.176,17.045
a_16,2603,1.094,2.742
a_16,5775,0.11,36.363
a_16,5233,0.24,4.166
a_16,4567,0.209,244.019
a_16,3174,0.822,9.732
a_16,3258,0.89,5.617
a_16,4872,0.305,22.95
a_16,3125,0.132,15.151
a_16,4793,0.09,22.222
a_16,1478,0.373,8.042
a_16,5190,0.416,19.23
a_16,2577,1.802,2.219
a_16,759,0.795,3.773
a_16,703,0.321,6.23
a_17,794,1.207,1.657
a_17,3658,0.042,71.428
a_17,2380,0.217,36.866
a_17,1484,0.263,7.604
a_17,4570,0.013,153.846
a_17,2274,0.356,5.617
a_17,2567,0.152,26.315
a_17,4885,0.235,8.51
a_17,3868,0.069,43.478
a_17,297,0.153,45.751
a_17,4661,0.101,49.504
a_17,5558,0.405,29.629
a_17,907,0.366,5.464
a_17,2639,0.241,539.419
a_17,1297,0.136,955.882
a_17,4995,0.365,13.698
a_17,4032,0.142,21.126
a_17,984,0.26,11.538
a_17,2538,0.58,5.172
a_17,2071,0.311,9.646
a_17,5758,0.145,89.655
a_17,5106,0.095,21.052
a_17,293,12.164,0.657
a_17,4597,0.234,17.094
a_17,4383,0.12,25.0
a_17,2250,0.466,27.896
a_17,5517,0.285,21.052
a_17,2097,6.705,383.445
a_17,5011,0.044,45.454
a_17,4029,0.136,22.058
a_17,756,0.444,6.756
a_17,3630,0.03,100.0
a_17,951,0.317,18.927
a_17,4252,0.163,24.539
a_17,5141,0.309,12.944
a_17,3691,0.089,33.707
a_17,245,0.132,53.03
a_17,5754,0.149,67.114
a_17,1379,0.986,4.056
a_17,3965,0.201,39.8
a_17,2650,0.352,8.522
a_17,4805,0.077,25.974
a_17,553,0.29,20.689
a_17,757,0.515,3.883
a_17,2029,0.248,16.129
a_17,1978,0.243,12.345
a_17,2431,0.465,6.451
a_17,3005,0.672,71.428
a_17,3321,0.115,26.086
a_17,4399,4.493,1.335
a_17,4846,0.127,39.37
a_17,1962,0.123,24.39
a_17,3584,0.138,21.739
a_17,3309,0.401,14.962
a_17,1016,0.385,5.194
a_17,2986,0.454,17.621
a_17,407,0.161,43.478
a_17,2761,0.181,27.624
a_17,1120,0.473,8.456
a_17,1899,0.263,15.209
a_17,2480,0.135,74.074
a_17,5136,0.516,23.255
a_17,724,0.307,9.771
a_17,1476,0.337,17.804
a_17,3966,0.144,55.555
a_17,1688,0.136,36.764
a_17,5576,0.301,73.089
a_17,5157,0.465,4.301
a_17,990,0.82,3.658
a_17,4588,0.078,38.461
a_17,1201,0.395,7.594
a_17,1971,0.221,76.923
a_17,3183,0.202,14.851
a_17,932,0.163,24.539
a_17,1085,0.353,8.498
a_17,974,0.667,10.494
a_17,4745,0.133,22.556
a_17,3,0.22,9.09
a_17,4397,0.075,40.0
a_17,3144,0.71,8.45
a_17,2877,0.346,11.56
a_17,269,0.206,33.98
a_17,3570,0.211,109.004
a_17,3829,0.139,7.194
a_17,3700,13.519,0.221
a_17,5138,0.348,11.494
a_17,3543,0.046,65.217
a_17,4527,0.024,125.0
a_17,2735,0.174,28.735
a_17,5725,3.649,1.37
a_17,819,0.491,6.109
a_17,5341,0.121,16.528
a_17,5785,2.407,1.661
a_17,1590,0.255,11.764
a_17,4074,0.181,11.049
a_17,4459,0.117,25.641
a_17,225,12.503,0.639
a_17,4514,0.066,303.03
a_17,4553,0.138,297.101
a_17,4024,0.116,17.241
a_17,5353,0.153,19.607
a_17,355,0.203,34.482
a_17,3652,0.09,33.333
a_18,3059,0.304,13.157
a_18,961,0.727,456.671
a_18,5186,0.474,6.329
a_18,4704,0.173,23.121
a_18,5790,0.103,38.834
a_18,2332,0.384,7.812
a_18,4931,0.3,26.666
a_18,5335,0.144,20.833
a_18,4839,0.113,35.398
a_18,2564,0.528,15.151
a_18,498,0.201,39.8
a_18,121,1.569,1.912
a_18,4046,0.196,25.51
a_18,626,0.459,106.753
a_18,3547,0.125,24.0
a_18,3671,0.035,85.714
a_18,3414,0.164,18.292
a_18,3352,0.151,13.245
a_18,337,11.256,0.71
a_18,5315,0.38,5.263
a_18,905,0.175,17.142
a_18,488,0.186,48.387
a_18,1951,0.153,19.607
a_18,4250,0.137,29.197
a_18,4990,0.058,51.724
a_18,2865,0.188,26.595
a_18,1486,0.266,7.518
a_18,3933,0.234,17.094
a_18,1189,0.448,8.928
a_18,4096,0.142,91.549
a_18,4421,0.136,22.058
a_18,4519,0.591,79.526
a_18,127,0.137,21.897
a_18,1920,0.257,112.84
a_18,4664,0.056,71.428
a_18,2379,0.217,36.866
a_18,5232,1.147,2.615
a_18,5346,0.308,74.675
a_18,646,0.618,4.854
a_18,1722,0.153,359.477
a_18,517,0.289,10.38
a_18,334,0.136,51.47
a_18,2548,0.303,9.9
a_18,2140,0.355,11.267
a_18,5381,0.182,10.989
a_18,1946,0.13,23.076
a_18,1471,3.068,1.303
a_18,557,0.065,138.461
a_18,3840,0.14,14.285
a_18,489,0.096,93.75
a_18,1706,0.183,814.207
a_18,4741,2.391,8.364
a_18,689,0.26,7.692
a_18,4376,0.158,18.987
a_18,3938,0.144,27.777
a_18,157,0.399,5.012
a_18,5273,0.224,22.321
a_18,4364,0.097,41.237
a_18,2074,0.565,3.539
a_18,5017,0.162,18.518
a_18,5684,0.047,63.829
a_18,117,0.312,6.41
a_18,537,0.042,71.428
a_18,4568,0.047,42.553
a_18,4137,0.259,15.444
a_18,2872,0.17,23.529
a_18,5204,0.329,9.118
a_18,5188,0.347,8.645
a_18,4435,0.068,44.117
a_18,3400,0.495,16.161
a_18,586,0.537,14.897
a_18,4946,0.092,43.478
a_18,5125,1.05,3.809
a_18,1853,0.38,5.263
a_18,1687,0.136,36.764
a_18,5561,0.321,43.613
a_18,23,0.233,12.875
a_18,2944,0.116,77.586
a_18,29,0.317,9.463
a_18,4636,0.268,7.462
a_18,2075,0.56,1.785
a_18,2226,0.525,34.285
a_18,5723,0.097,793.814
a_18,928,0.159,25.157
a_18,686,0.294,6.802
a_18,2874,0.165,30.303
a_18,4127,0.18,11.111
a_18,5019,0.353,14.164
a_18,5169,0.41,7.317
a_18,409,0.438,15.981
a_18,3048,0.326,6.134
a_18,1371,0.525,5.714
a_18,2229,0.471,4.246
a_18,5462,0.129,69.767
a_18,4894,0.104,28.846
a_18,5375,0.15,6.666
a_18,3638,0.072,41.666
a_18,201,17.912,190.542
a_18,3251,1.006,112.326
a_18,3532,0.052,57.692
a_18,2988,0.154,19.48
a_18,2782,0.173,28.901
a_18,903,0.214,18.691
a_18,1289,0.135,866.666
a_18,618,0.386,12.953
a_18,5359,0.471,4.246
a_18,4492,0.122,49.18
a_18,1304,0.171,23.391
a_19,2896,0.176,181.818
a_19,4499,0.257,11.673
a_19,1976,0.321,9.345
a_19,4299,0.121,338.842
a_19,1024,0.331,6.042
a_19,5249,0.328,12.195
a_19,2709,0.167,29.94
a_19,3243,0.898,20.044
a_19,1215,0.351,8.547
a_19,3502,0.197,10.152
a_19,702,0.336,5.952
a_19,2750,0.171,29.239
a_19,3180,0.235,12.765
a_19,2665,1.014,2.958
a_19,5439,0.134,14.925
a_19,4596,0.196,204.081
a_19,3120,0.528,132.575
a_19,1195,0.601,3.327
a_19,1888,0.685,5.839
a_19,3393,0.479,16.701
a_19,2403,0.166,18.072
a_19,609,0.463,66.954
a_19,1008,0.269,7.434
a_19,5583,0.797,3.764
a_19,2455,0.16,18.75
a_19,78,0.544,5.514
a_19,4738,0.158,18.987
a_19,1582,0.407,7.371
a_19,4523,0.05,40.0
a_19,3358,0.56,73.214
a_19,197,1.191,1.679
a_19,2505,0.284,7.042
a_19,1086,0.167,17.964
a_19,998,0.816,2.45
a_19,2827,0.167,29.94
a_19,4984,0.094,85.106
a_19,166,0.516,73.643
a_19,2030,0.249,12.048
a_19,1759,0.343,14.577
a_19,662,1.034,4.835
a_19,3735,0.095,31.578
a_19,1663,0.153,26.143
a_19,4956,0.092,97.826
a_19,2529,0.476,8.403
a_19,1324,0.144,20.833
a_19,4115,0.088,34.09
a_19,1287,0.642,232.087
a_19,4561,0.11,27.272
a_19,758,0.231,8.658
a_19,4085,0.053,56.603
a_19,3536,0.059,50.847
a_19,4401,0.07,99.999
a_19,2177,0.145,13.793
a_19,363,0.147,47.619
a_19,4563,0.525,5.714
a_19,4542,0.2,10.0
a_19,4784,0.645,4.651
a_19,5641,0.045,155.555
a_19,4934,3.05,1.311
a_19,3038,0.297,10.101
a_19,5701,0.109,27.522
a_19,2409,0.286,13.986
a_19,4283,0.065,46.153
a_19,3437,0.169,17.751
a_19,5470,0.129,69.767
a_19,4200,0.036,83.333
a_19,4575,0.077,220.779
a_19,4816,0.14,78.571
a_19,3949,0.09,55.555
a_19,1622,0.387,7.751
a_19,5637,0.084,47.619
a_19,5049,0.14,14.285
a_19,2779,0.165,30.303
a_19,1667,0.136,36.764
a_19,3184,0.194,25.773
a_19,3088,0.413,4.842
a_19,2693,0.168,29.761
a_19,1323,0.151,26.49
a_19,2989,0.158,82.278
a_19,1326,0.635,20.472
a_19,5455,0.128,23.437
a_19,4275,0.065,46.153
a_19,5303,0.086,34.883
a_19,4021,0.089,22.471
a_19,5805,0.1,20.0
a_19,3971,0.198,35.353
a_19,1479,0.341,14.662
a_19,3355,0.095,831.578
a_19,4957,0.141,28.368
a_19,650,0.23,8.695
a_19,3825,0.124,8.064
a_19,1792,0.315,9.523
a_19,3599,0.033,90.909
a_19,5407,0.565,14.159
a_19,624,0.246,8.13
a_19,3790,0.182,43.956
a_19,1103,0.148,20.27
a_19,4884,0.083,72.289
a_19,485,0.093,96.774
a_19,1794,0.203,29.556
a_19,227,0.133,52.631
a_19,3753,0.062,48.387
a_19,140,1.297,400.154
a_19,2262,2.449,66.149
a_19,600,0.354,22.598
a_19,995,3.075,108.617
a_19,1095,0.299,66.889
a_19,2525,0.25,8.0
a_19,5152,0.203,19.704
a_19,5264,0.186,16.129
a_19,1011,0.283,7.067
a_19,5627,0.149,20.134
a_19,5820,0.148,27.027
a_19,2736,0.167,29.94
a_20,3653,0.049,61.224
a_20,3192,0.207,24.154
a_20,4209,0.252,11.904
a_20,2382,0.217,36.866
a_20,4261,0.215,9.302
a_20,2207,0.375,10.666
a_20,3813,0.031,64.516
a_20,4592,0.266,11.278
a_20,385,1.23,5.691
a_20,5220,0.141,28.368
a_20,1204,0.327,6.116
a_20,3928,0.046,130.434
a_20,4976,0.465,4.301
a_20,4791,0.189,15.873
a_20,4363,0.152,26.315
a_20,70,0.591,5.076
a_20,4673,0.117,34.188
a_20,1708,0.181,729.281
a_20,3677,0.131,22.9
a_20,2038,0.441,6.802
a_20,3940,0.078,102.564
a_20,4882,0.535,321.495
a_20,433,0.195,35.897
a_20,3162,0.194,15.463
a_20,435,12.443,0.642
a_20,2917,0.184,16.304
a_20,154,0.257,15.564
a_20,3504,0.189,15.873
a_20,1209,0.391,7.672
a_20,3186,0.199,15.075
a_20,5129,0.666,6.006
a_20,5499,0.065,30.769
a_20,3421,0.146,34.246
a_20,490,0.092,97.826
a_20,743,0.681,4.405
a_20,4772,0.137,14.598
a_20,4545,0.086,23.255
a_20,5272,0.278,25.179
a_20,2875,0.166,30.12
a_20,215,1.319,3.79
a_20,4013,0.125,16.0
a_20,3852,0.123,24.39
a_20,5081,0.18,11.111
a_20,454,0.467,14.989
a_20,931,1.145,6.986
a_20,1488,0.266,7.518
a_20,2192,0.437,6.864
a_20,5092,0.181,22.099
a_20,960,0.313,6.389
a_20,3428,0.161,24.844
a_20,2387,0.218,36.697
a_20,3134,0.534,52.434
a_20,3704,5.983,0.501
a_20,1111,0.457,8.752
a_20,1511,1.334,233.883
a_20,1655,0.148,33.783
a_20,4086,0.073,54.794
a_20,2795,0.165,30.303
a_20,3836,0.141,14.184
a_20,5495,0.087,91.954
a_20,2308,0.476,6.302
a_20,5248,0.324,12.345
a_20,4506,0.08,37.5
a_20,4979,0.167,53.892
a_20,3510,0.047,63.829
a_20,354,0.181,38.674
a_20,4198,0.074,40.54
a_20,1934,0.425,7.058
a_20,256,0.165,42.424
a_20,3573,0.071,42.253
a_20,1088,0.24,12.5
a_20,1263,0.122,24.59
a_20,2867,0.165,30.303
a_20,5023,0.202,19.801
a_20,4121,0.056,89.285
a_20,4232,0.588,79.931
a_20,588,3.186,0.941
a_20,3329,0.119,50.42
a_20,5060,0.083,24.096
a_20,2291,0.534,116.104
a_20,5322,0.241,12.448
a_20,1854,0.288,6.944
a_20,2688,0.173,28.901
a_20,4966,0.133,30.075
a_20,5197,0.291,6.872
a_20,298,0.141,63.829
a_20,2590,0.569,94.903
a_20,2234,0.391,7.672
a_20,4531,0.138,50.724
a_20,1319,0.583,3.43
a_20,3036,0.268,11.194
a_20,367,0.176,39.772
a_20,1958,0.121,24.793
a_20,1133,0.168,11.904
a_20,555,0.138,14.492
a_20,2062,2.315,990.496
a_20,3207,0.229,13.1
a_20,4672,0.161,37.267
a_20,4205,0.167,17.964
a_20,5740,0.04,100.0
a_20,3697,0.039,76.923
a_20,3172,0.216,13.888
a_20,3324,0.128,46.875
a_20,3843,0.04,275.0
a_20,3814,0.045,88.888
a_20,2105,0.784,252.551
a_20,935,0.216,27.777
a_20,4714,0.085,23.529
a_20,5083,0.078,51.282
a_20,520,0.302,19.867
a_20,2647,0.396,10.101
a_20,3215,0.21,19.047
a_20,4481,0.156,19.23
a_20,2612,0.37,32.432
a_20,351,0.233,30.042
a_20,83,0.779,3.851
a_20,3498,0.156,12.82
a_20,5688,0.046,65.217
a_20,4670,2.127,0.94
a_20,2486,1.729,5.783
a_20,444,12.585,0.635
a_21,3527,0.055,54.545
a_21,4035,0.119,25.21
a_21,1574,2.042,1.958
a_21,691,0.31,6.451
a_21,3163,0.203,19.704
a_21,1609,0.37,5.405
a_21,3548,0.064,46.875
a_21,5215,0.727,178.817
a_21,4526,0.064,31.25
a_21,2465,0.324,9.259
a_21,5223,0.134,14.925
a_21,2539,0.46,6.521
a_21,5669,0.018,166.666
a_21,3409,0.399,7.518
a_21,4569,0.036,138.888
a_21,3004,0.425,9.411
a_21,136,0.304,6.578
a_21,4195,0.021,142.857
a_21,2885,0.176,443.181
a_21,3561,0.059,50.847
a_21,1838,0.311,9.646
a_21,96,1.509,2.65
a_21,5294,0.147,20.408
a_21,894,0.181,16.574
a_21,3118,0.258,11.627
a_21,2099,0.13,15.384
a_21,3812,0.031,64.516
a_21,2376,0.218,36.697
a_21,828,0.834,3.597
a_21,2933,0.162,24.691
a_21,3577,0.048,62.5
a_21,4162,0.312,35.256
a_21,3147,0.247,12.145
a_21,4199,0.036,83.333
a_21,4808,0.088,34.09
a_21,3493,0.15,40.0
a_21,1632,0.865,174.566
a_21,5087,0.486,4.115
a_21,5672,0.011,272.727
a_21,5409,0.039,76.923
a_21,1645,0.149,33.557
a_21,397,0.718,9.749
a_21,4375,0.187,10.695
a_21,2931,0.309,16.181
a_21,4740,0.303,105.61
a_21,1748,0.261,11.494
a_21,3670,0.133,22.556
a_21,3801,0.114,70.175
a_21,400,0.183,38.251
a_21,175,0.466,10.729
a_21,4196,0.097,41.237
a_21,4243,0.125,32.0
a_21,2354,0.679,5.891
a_21,2832,0.165,30.303
a_21,3424,0.203,19.704
a_21,3596,0.085,35.294
a_21,3089,0.318,9.433
a_21,3201,0.224,13.392
a_21,211,0.262,11.45
a_21,2920,0.168,17.857
a_21,512,0.294,10.204
a_21,1019,0.285,7.017
a_21,2406,0.335,11.94
a_21,4393,0.108,18.518
a_21,614,0.375,16.0
a_21,1315,8.903,678.198
a_21,2836,0.168,29.761
a_21,3941,0.089,44.943
a_21,1599,0.364,8.241
a_21,1100,0.135,22.222
a_21,3519,0.076,39.473
a_21,4921,0.136,22.058
a_21,2793,0.174,28.735
a_21,4256,0.062,48.387
a_21,2918,0.169,17.751
a_21,2611,9.282,1.292
a_21,3009,0.116,34.482
a_21,991,3.869,86.327
a_21,2437,0.345,40.579
a_21,330,0.153,45.751
a_21,1754,0.204,19.607
a_21,1262,0.918,3.267
a_21,3782,0.209,14.354
a_21,2501,0.281,10.676
a_21,1855,0.283,7.067
a_21,5411,0.022,45.454
a_21,767,1.001,1.998
a_21,349,0.132,53.03
a_21,4420,0.077,51.948
a_21,1749,3.33,1.501
a_21,5573,0.332,6.024
a_21,570,0.148,27.027
a_21,1282,0.134,447.761
a_21,5562,0.786,3.816
a_21,5374,15.112,0.198
a_21,4942,0.131,22.9
a_21,3119,0.416,9.615
a_21,4348,0.121,16.528
a_21,2811,0.175,28.571
a_21,180,0.686,8.746
a_21,5433,0.054,37.037
a_21,4076,0.143,27.972
a_21,2699,0.165,30.303
a_21,1867,0.438,4.566
a_21,3416,0.141,28.368
a_21,3862,0.061,32.786
a_21,1294,0.129,465.116
a_22,2133,0.334,5.988
a_22,930,0.312,19.23
a_22,934,1.174,6.814
a_22,5445,0.233,12.875
a_22,1336,0.51,3.921
a_22,359,0.209,33.492
a_22,5387,0.102,39.215
a_22,2318,0.839,3.575
a_22,4950,0.079,126.582
a_22,3537,0.3,370.0
a_22,4850,0.113,17.699
a_22,687,0.294,6.802
a_22,1159,0.189,42.328
a_22,4755,0.581,5.163
a_22,4337,0.064,62.5
a_22,956,0.201,14.925
a_22,906,0.181,16.574
a_22,4783,0.487,10.266
a_22,5224,0.334,5.988
a_22,5174,0.812,743.842
a_22,4634,0.066,30.303
a_22,492,0.202,44.554
a_22,634,0.24,183.333
a_22,3015,0.169,23.668
a_22,384,11.455,0.698
a_22,4822,0.132,15.151
a_22,1148,0.303,13.201
a_22,1155,0.144,20.833
a_22,5733,0.062,64.516
a_22,2675,0.32,9.375
a_22,2676,0.25,12.0
a_22,100,0.916,3.275
a_22,3881,0.205,14.634
a_22,525,0.316,9.493
a_22,726,1.927,2.594
a_22,4242,0.063,47.619
a_22,352,0.147,47.619
a_22,72,12.052,0.165
a_22,521,0.321,9.345
a_22,5148,0.061,49.18
a_22,1728,0.167,988.023
a_22,4272,0.064,46.875
a_22,366,0.193,36.269
a_22,4208,0.077,38.961
a_22,1751,0.17,17.647
a_22,3701,17.089,0.117
a_22,5589,0.337,8.902
a_22,39,0.608,8.223
a_22,0,1.995,1.002
a_22,3509,0.099,30.303
a_22,2773,0.166,30.12
a_22,2763,0.188,26.595
a_22,346,0.135,51.851
a_22,1327,0.204,19.607
a_22,3895,0.104,38.461
a_22,1627,0.36,5.555
a_22,5752,0.069,72.463
a_22,4047,0.187,10.695
a_22,4448,0.129,31.007
a_22,2054,0.83,3.614
a_22,2952,0.316,9.493
a_22,4409,0.048,229.166
a_22,3439,0.184,16.304
a_22,4257,0.157,25.477
a_22,947,0.212,14.15
a_22,5068,0.227,105.726
a_22,5427,0.098,20.408
a_22,4068,0.142,14.084
a_22,3809,0.031,129.032
a_22,3102,0.39,7.692
a_22,3426,0.393,7.633
a_22,1106,0.244,16.393
a_22,1740,0.189,296.296
a_22,4328,0.073,54.794
a_22,2163,0.346,23.121
a_22,1157,0.334,23.952
a_22,3732,0.036,83.333
a_22,3187,0.187,21.39
a_22,54,0.452,11.061
a_22,1475,3.089,1.294
a_22,2053,0.686,4.373
a_22,5147,0.615,60.162
a_22,5794,0.128,31.25
a_22,668,0.504,7.936
a_22,3988,0.074,94.594
a_22,2521,0.308,9.74
a_22,383,0.241,29.045
a_22,1446,0.647,9.273
a_22,1380,0.484,16.528
a_22,3032,0.282,10.638
a_22,3802,0.106,75.471
a_22,4407,0.065,46.153
a_22,796,0.839,28.605
a_22,835,1.825,1.643
a_23,3970,0.309,12.944
a_23,2215,0.646,4.643
a_23,2745,0.171,29.239
a_23,1362,0.45,391.111
a_23,2600,0.641,4.68
a_23,3546,0.021,142.857
a_23,2652,0.176,11.363
a_23,1770,0.172,11.627
a_23,3893,0.14,28.571
a_23,709,0.815,6.134
a_23,5477,0.133,67.669
a_23,3035,0.122,16.393
a_23,1089,0.115,26.086
a_23,1352,0.462,6.493
a_23,1922,0.216,9.259
a_23,242,0.525,13.333
a_23,3136,0.509,9.823
a_23,4064,0.052,192.307
a_23,5438,0.105,19.047
a_23,1150,0.598,15.05
a_23,825,0.642,3.115
a_23,5155,0.138,65.217
a_23,2289,0.537,63.314
a_23,3456,0.171,17.543
a_23,3224,0.269,14.869
a_23,4633,0.167,17.964
a_23,3026,0.212,14.15
a_23,3549,0.066,45.454
a_23,2487,0.136,147.058
a_23,2349,0.288,10.416
a_23,4218,0.079,37.974
a_23,1318,0.579,3.454
a_23,5046,0.214,14.018
a_23,4659,15.137,0.264
a_23,5244,0.356,8.426
a_23,294,0.438,15.981
a_23,1696,0.136,36.764
a_23,1881,0.414,4.83
a_23,4600,0.044,68.181
a_23,1753,0.41,7.317
a_23,2494,0.941,3.188
a_23,6,0.927,2.157
a_23,5014,0.126,31.746
a_23,2681,0.249,144.578
a_23,3392,0.504,15.873
a_23,736,0.88,7.954
a_23,3943,0.06,100.0
a_23,2588,1.118,1.788
a_23,3946,0.142,28.169
a_23,148,0.257,7.782
a_23,839,0.453,6.622
a_23,1910,3.221,1.241
a_23,3133,0.333,6.006
a_23,2574,0.285,10.526
a_23,4009,0.037,54.054
a_23,2094,0.362,24.861
a_23,776,1.977,1.011
a_23,962,0.222,157.657
a_23,4819,0.307,6.514
a_23,3936,0.957,19.853
a_23,854,0.857,8.168
a_23,5518,0.28,7.142
a_23,2214,0.094,31.914
a_23,3455,0.164,18.292
a_23,621,0.235,8.51
a_23,2728,0.159,31.446
a_23,5458,0.395,12.658
a_23,2957,0.24,129.166
a_23,596,0.244,12.295
a_23,3235,0.225,26.666
a_23,2434,0.333,9.009
a_23,3604,0.042,71.428
a_23,1306,0.18,11.111
a_23,2765,0.169,29.585
a_23,2404,0.195,10.256
a_23,3454,0.162,24.691
a_23,4134,0.069,115.942
a_23,1325,0.667,2.998
a_23,2123,0.565,24.778
a_23,741,0.539,7.421
a_23,2862,0.165,30.303
a_23,3841,0.073,27.397
a_23,4440,0.065,61.538
a_23,3154,0.274,29.197
a_23,1949,0.134,22.388
a_23,2269,0.369,5.42
a_23,4543,0.115,26.086
a_23,602,0.195,20.512
a_23,1778,0.524,9.541
a_23,5729,0.052,57.692
a_23,4706,0.461,6.507
a_23,4165,0.79,21.518
a_23,1826,0.695,30.215
a_23,2305,0.207,14.492
a_23,1595,0.667,2.998
a_23,5479,0.129,69.767
a_23,1739,0.151,874.172
a_23,1514,0.163,18.404
a_23,5650,0.094,21.276
a_23,3413,0.19,15.789
a_23,5080,0.084,95.238
a_23,2840,0.18,27.777
a_23,4626,0.146,6.849
a_23,8,0.441,4.535
a_23,5765,0.1,20.0
a_23,4539,0.092,54.347
a_23,1376,0.161,62.111
a_23,3460,0.127,23.622
a_23,3835,0.15,20.0
a_24,3890,0.141,21.276
a_24,3793,0.105,76.19
a_24,3117,0.236,12.711
a_24,4862,0.17,29.411
a_24,1705,0.163,717.791
a_24,4900,0.204,14.705
a_24,3695,0.05,60.0
a_24,712,0.468,8.547
a_24,688,0.314,6.369
a_24,204,0.604,8.278
a_24,1092,0.4,50.0
a_24,4509,0.153,13.071
a_24,3930,0.111,54.054
a_24,4381,0.173,23.121
a_24,165,0.15,20.0
a_24,3106,0.319,9.404
a_24,5251,0.482,60.165
a_24,2003,1.197,1.67
a_24,2183,0.352,2.84
a_24,4194,0.088,68.181
a_24,2103,0.397,15.113
a_24,2684,0.598,6.688
a_24,559,0.229,17.467
a_24,5559,0.387,31.007
a_24,1568,0.133,112.781
a_24,3994,0.076,118.421
a_24,167,0.348,14.367
a_24,5626,0.451,8.869
a_24,4999,0.296,13.513
a_24,5779,0.265,75.471
a_24,4130,0.09,33.333
a_24,3350,0.136,88.235
a_24,732,0.558,3.584
a_24,5265,0.076,39.473
a_24,2160,0.352,22.727
a_24,247,0.25,28.0
a_24,2544,0.157,19.108
a_24,423,0.19,36.842
a_24,3582,0.142,21.126
a_24,859,0.403,4.962
a_24,3631,0.03,100.0
a_24,1765,3.482,302.986
a_24,17,0.88,10.227
a_24,67,0.965,3.108
a_24,446,0.497,18.108
a_24,5177,0.989,697.674
a_24,681,0.309,6.472
a_24,4476,0.513,5.847
a_24,5592,0.328,6.097
a_24,3012,0.114,26.315
a_24,2722,0.183,27.322
a_24,184,0.565,5.309
a_24,969,0.568,3.521
a_24,5419,0.195,20.512
a_24,2429,0.409,7.334
a_24,5045,0.248,16.129
a_24,4540,0.047,106.382
a_24,2065,0.251,11.952
a_24,1300,0.57,3.508
a_24,5370,0.355,5.633
a_24,2746,0.164,30.487
a_24,1882,0.195,15.384
a_24,3815,0.042,119.047
a_24,149,0.227,17.621
a_24,2932,0.241,16.597
a_24,5006,0.104,28.846
a_24,1528,1.293,2.32
a_24,657,0.225,8.888
a_24,4349,0.064,265.625
a_24,2620,0.285,10.526
a_24,3229,0.191,20.942
a_24,4593,0.285,10.526
a_24,2415,0.377,7.957
a_24,5146,0.741,5.398
a_24,146,0.139,21.582
a_24,2812,0.187,26.737
a_24,2682,0.762,49.868
a_24,4739,0.11,27.272
a_24,3854,0.036,83.333
a_24,4939,0.079,63.291
a_24,234,0.703,9.957
a_24,1,0.228,17.543
a_24,5788,0.18,11.111
a_24,4236,0.127,31.496
a_24,2202,0.44,27.272
a_24,2211,0.957,9.404
a_24,4658,0.202,9.9
a_24,4372,0.132,30.303
a_24,2256,0.357,5.602
a_24,382,0.13,53.846
a_24,5367,0.036,194.444
a_24,4830,0.471,535.031
a_24,1913,0.791,5.056
a_24,1144,0.237,8.438
a_24,2531,0.376,47.872
a_24,3661,0.044,68.181
a_24,5612,0.244,8.196
a_24,578,0.129,15.503
a_24,1970,0.38,5.263
a_24,3185,0.225,13.333
a_24,372,0.198,35.353
a_24,362,0.132,53.03
a_24,5443,0.444,6.756
a_24,437,12.255,0.652
a_24,4427,0.064,46.875
a_24,199,0.596,8.389
a_24,4332,0.139,28.776
a_24,3114,0.527,1.897
a_24,4907,0.077,38.961
a_24,4692,0.103,29.126
a_24,5488,0.483,16.563
a_24,2971,0.274,10.948
a_25,4223,0.133,30.075
a_25,1104,0.28,10.714
a_25,5622,0.174,22.988
a_25,693,0.315,6.349
a_25,4222,0.07,28.571
a_25,1343,0.442,9.049
a_25,2330,0.433,6.928
a_25,364,0.155,45.161
a_25,2100,0.51,3.921
a_25,3025,0.368,8.152
a_25,2352,0.362,8.287
a_25,417,12.995,0.615
a_25,5713,0.103,29.126
a_25,1947,0.126,23.809
a_25,744,1.026,1.949
a_25,3617,0.061,49.18
a_25,569,0.146,13.698
a_25,4322,0.137,291.97
a_25,5598,0.316,6.329
a_25,4964,0.313,9.584
a_25,1555,1.68,1.785
a_25,3051,0.286,6.993
a_25,5633,0.195,15.384
a_25,5312,0.072,583.333
a_25,4309,0.154,272.727
a_25,3731,0.106,28.301
a_25,2147,0.342,8.771
a_25,432,0.194,36.082
a_25,1238,0.645,3.1
a_25,2803,0.166,30.12
a_25,4961,0.244,8.196
a_25,1892,0.493,44.624
a_25,4842,0.169,23.668
a_25,291,0.137,51.094
a_25,3634,0.062,48.387
a_25,2154,0.341,8.797
a_25,2319,0.296,10.135
a_25,1928,0.789,3.802
a_25,268,0.214,32.71
a_25,1523,0.559,1.788
a_25,3756,0.032,93.75
a_25,3650,0.081,37.037
a_25,2362,0.654,4.587
a_25,3551,0.071,42.253
a_25,2768,0.169,29.585
a_25,522,0.328,6.097
a_25,899,0.129,23.255
a_25,2512,0.488,6.147
a_25,4386,0.068,44.117
a_25,1303,0.533,3.752
a_25,967,0.505,3.96
a_25,3571,9.311,5.584
a_25,1554,0.583,3.43
a_25,91,0.178,22.471
a_25,4377,0.142,14.084
a_25,1785,0.171,11.695
a_25,1460,0.629,9.538
a_25,4860,0.142,21.126
a_25,1827,0.298,10.067
a_25,2112,0.326,12.269
a_25,4109,0.045,88.888
a_25,5550,0.275,32.727
a_25,3594,0.052,57.692
a_25,3210,0.223,76.233
a_25,4480,0.264,15.151
a_25,1768,1.47,2.04
a_25,4128,0.055,54.545
a_25,1314,1.616,1.237
a_25,1891,0.447,17.897
a_25,2890,0.209,492.822
a_25,1406,0.787,2.541
a_25,3641,0.154,19.48
a_25,3372,0.062,693.548
a_25,13,0.604,21.523
a_25,5219,0.72,5.555
a_25,3560,0.062,48.387
a_25,404,12.538,0.638
a_25,5139,0.366,8.196
a_25,2096,0.419,7.159
a_25,4943,0.09,33.333
a_25,4426,0.134,29.85
a_25,2542,0.124,24.193
a_25,274,0.421,16.627
a_25,2025,1.71,187.719
a_25,2222,0.237,12.658
a_25,2258,0.319,6.269
a_25,541,0.025,120.0
a_25,2228,0.35,51.428
a_25,2738,0.185,27.027
a_25,2870,0.175,28.571
a_25,5742,0.051,58.823
a_25,584,0.076,39.473
a_25,4940,0.035,57.142
a_25,3420,0.144,20.833
a_25,5030,0.148,13.513
a_26,1096,0.131,22.9
a_26,4991,0.099,30.303
a_26,3757,0.064,46.875
a_26,439,0.138,50.724
a_26,1733,0.152,769.736
a_26,5007,0.121,16.528
a_26,2580,0.822,2.433
a_26,3239,0.255,11.764
a_26,4716,0.2,10.0
a_26,1158,0.305,9.836
a_26,5231,0.837,3.584
a_26,2134,0.527,5.692
a_26,5275,0.323,43.343
a_26,1321,0.156,44.871
a_26,3045,0.398,22.613
a_26,2737,0.17,29.411
a_26,2395,0.125,24.0
a_26,1984,0.312,211.538
a_26,4515,0.103,48.543
a_26,4039,0.127,31.496
a_26,1967,0.145,13.793
a_26,5329,0.129,23.255
a_26,3334,0.118,25.423
a_26,4769,0.13,15.384
a_26,950,0.378,5.291
a_26,1755,0.207,9.661
a_26,123,0.151,19.867
a_26,4998,0.039,51.282
a_26,1682,0.146,27.397
a_26,1264,0.43,6.976
a_26,3855,0.138,21.739
a_26,5172,0.339,11.799
a_26,4472,0.149,26.845
a_26,3603,0.086,34.883
a_26,2365,1.194,1.675
a_26,5587,0.359,5.571
a_26,1116,0.409,9.779
a_26,2899,0.195,164.102
a_26,3047,0.302,6.622
a_26,5425,0.215,4.651
a_26,62,0.496,6.048
a_26,4785,0.176,17.045
a_26,3824,0.118,8.474
a_26,790,0.309,9.708
a_26,3839,17.13,0.116
a_26,1611,0.402,24.875
a_26,4482,0.097,41.237
a_26,5034,0.152,32.894
a_26,4320,0.156,262.82
a_26,3669,0.079,37.974
a_26,2718,0.18,22.222
a_26,342,0.132,53.03
a_26,5380,0.151,19.867
a_26,5709,0.09,33.333
a_26,4036,0.149,40.268
a_26,5211,0.445,4.494
a_26,2962,0.126,23.809
a_26,4392,0.064,62.5
a_26,5063,0.143,20.979
a_26,10,0.371,5.39
a_26,3624,0.109,27.522
a_26,1353,0.135,22.222
a_26,1340,1.079,2.78
a_26,178,1.201,5.828
a_26,3968,0.12,66.666
a_26,2530,0.426,9.389
a_26,5797,0.105,19.047
a_26,3785,0.142,21.126
a_26,5636,0.783,5.108
a_26,5290,0.405,856.79
a_26,3744,0.143,20.979
a_26,1957,0.122,24.59
a_26,1398,1.168,5.136
a_26,1553,0.573,5.235
a_26,1902,0.52,7.692
a_26,5309,0.025,200.0
a_26,5111,0.384,5.208
a_26,4610,0.115,17.391
a_26,2594,0.568,3.521
a_26,4512,0.196,35.714
a_26,1911,0.647,4.636
a_26,4374,0.131,22.9
a_26,941,0.425,21.176
a_26,5048,11.08,0.27
a_26,3522,0.026,115.384
a_26,2137,0.561,5.347
a_26,4043,0.142,28.169
a_26,612,0.5,6.0
a_26,4094,0.255,7.843
a_26,1455,0.328,12.195
a_26,171,1.698,4.711
a_26,296,0.133,52.631
a_26,3909,0.087,80.459
a_26,4751,0.222,18.018
a_26,1028,0.284,10.563
a_26,93,2.853,1.402
a_26,229,0.159,44.025
a_26,804,1.108,2.707
a_26,1117,0.4,10.0
a_26,3227,0.256,15.625
a_26,1764,0.398,7.537
a_26,3014,0.343,11.661
a_26,2194,0.3,10.0
a_26,4269,0.126,15.873
a_26,5234,0.317,12.618
a_26,2644,0.821,92.57
a_26,5369,0.107,28.037
a_26,5707,0.049,61.224
a_26,4239,0.326,101.226
a_26,1988,1.458,6.858
a_26,5263,0.174,68.965
a_26,416,11.922,0.671
a_26,2570,0.249,12.048
a_26,5535,0.171,40.935
a_26,641,0.237,12.658
a_26,5508,0.231,8.658
a_26,1945,0.237,12.658
a_26,5305,1.129,5.314
a_26,4206,0.169,23.668
a_26,5580,0.368,10.869
a_26,205,0.629,7.949
a_27,4308,0.119,42.016
a_27,2628,0.461,30.368
a_27,206,0.537,3.724
a_27,2004,0.347,5.763
a_27,4191,0.07,157.142
a_27,1843,1.061,5.655
a_27,3788,0.03,100.0
a_27,4271,0.068,58.823
a_27,3992,0.074,121.621
a_27,1832,0.367,10.899
a_27,5682,0.154,655.844
a_27,1569,0.406,14.778
a_27,4333,0.065,46.153
a_27,3625,0.103,29.126
a_27,4413,0.076,39.473
a_27,764,0.664,4.518
a_27,3492,0.149,13.422
a_27,4438,0.063,47.619
a_27,2076,0.113,26.548
a_27,1452,0.619,8.077
a_27,1816,0.359,8.356
a_27,255,0.659,10.622
a_27,2021,0.286,6.993
a_27,3149,0.274,14.598
a_27,3748,0.045,66.666
a_27,5507,0.225,8.888
a_27,442,0.43,16.279
a_27,4848,0.092,43.478
a_27,1795,0.354,11.299
a_27,3866,0.07,57.142
a_27,3648,0.192,15.625
a_27,5809,0.21,9.523
a_27,3639,0.098,30.612
a_27,1048,0.32,6.25
a_27,2301,0.663,9.049
a_27,4750,0.186,21.505
a_27,2663,1.558,73.812
a_27,4595,0.093,53.763
a_27,780,10.373,0.289
a_27,310,0.16,56.25
a_27,4338,0.064,46.875
a_27,5442,0.478,8.368
a_27,4566,0.089,44.943
a_27,2302,0.702,71.225
a_27,1146,0.232,12.931
a_27,4249,0.137,21.897
a_27,4583,0.152,26.315
a_27,443,12.549,0.637
a_27,1612,0.376,5.319
a_27,138,0.133,60.15
a_27,5822,0.152,26.315
a_27,5362,0.254,23.622
a_27,540,0.292,10.273
a_27,2374,0.24,33.333
a_27,5064,0.256,19.531
a_27,353,0.129,54.263
a_27,4896,0.198,20.202
a_27,1498,0.685,8.759
a_27,2720,0.222,22.522
a_27,2499,0.159,12.578
a_27,4947,0.022,90.909
a_27,44,0.711,8.438
a_27,43,0.825,2.424
a_27,5770,0.128,31.25
a_27,2172,0.143,13.986
a_27,5546,0.169,41.42
a_27,5440,0.124,16.129
a_27,5237,0.455,15.384
a_27,4388,0.118,59.322
a_27,2046,3.05,1.311
a_27,1174,0.312,16.025
a_27,2622,0.895,3.351
a_27,2477,0.284,31.69
a_27,5382,0.103,38.834
a_27,3408,0.147,27.21
a_27,473,0.111,81.081
a_27,1338,0.196,20.408
a_27,2445,0.425,11.764
a_27,3884,0.195,20.512
a_27,1597,0.481,6.237
a_27,2844,0.445,11.235
a_27,2748,0.18,27.777
a_27,4069,0.117,25.641
a_27,1466,1.356,6.637
a_27,792,0.57,3.508
a_27,1188,0.236,12.711
a_27,4157,0.054,37.037
a_27,5698,0.046,65.217
a_27,1015,0.271,11.07
a_27,539,0.153,19.607
a_27,1270,0.115,26.086
a_27,4290,0.136,14.705
a_27,2428,1.494,14.725
a_27,4800,0.292,6.849
a_27,2694,0.177,28.248
a_27,5686,0.132,583.333
a_27,2412,0.138,36.231
a_27,52,0.987,5.065
a_27,942,0.259,54.054
a_27,3325,0.127,47.244
a_27,2386,0.217,36.866
a_27,5115,0.13,15.384
a_27,3977,0.136,36.764
a_27,5205,3.349,0.895
a_27,4211,0.089,33.707
a_27,3252,1.082,165.434
a_27,239,0.132,53.03
a_27,3057,0.218,13.761
a_27,1123,0.657,18.264
a_27,2468,0.172,17.441
a_27,457,0.241,37.344
a_27,4679,1.169,6.843
a_27,3816,0.307,16.286
a_27,1560,0.659,4.552
a_27,5415,0.108,18.518
a_27,448,0.171,52.631
a_28,4015,0.042,95.238
a_28,803,0.768,2.604
a_28,5659,0.063,63.492
a_28,2815,0.186,26.881
a_28,5563,0.382,5.235
a_28,4366,0.232,12.931
a_28,3508,0.075,40.0
a_28,2263,0.252,7.936
a_28,5055,0.188,10.638
a_28,5481,0.154,58.441
a_28,4599,0.288,6.944
a_28,1980,0.675,186.666
a_28,3699,0.047,63.829
a_28,3440,0.165,18.181
a_28,4382,0.097,41.237
a_28,674,0.507,5.917
a_28,1312,0.167,23.952
a_28,1876,0.264,11.363
a_28,5078,0.126,15.873
a_28,4930,0.136,44.117
a_28,4669,0.081,37.037
a_28,2239,0.473,23.255
a_28,593,14.985,0.133
a_28,4004,0.133,22.556
a_28,4507,9.56,533.263
a_28,5435,0.073,27.397
a_28,5632,0.311,16.077
a_28,4020,0.09,22.222
a_28,504,0.192,46.875
a_28,1003,0.272,7.352
a_28,1803,0.323,12.383
a_28,1862,0.273,10.989
a_28,5323,0.189,10.582
a_28,3955,0.059,101.694
a_28,4732,0.123,97.56
a_28,5210,0.792,3.787
a_28,4489,0.409,7.334
a_28,2901,0.182,395.604
a_28,1969,0.706,143.059
a_28,4442,0.126,31.746
a_28,4975,0.042,47.619
a_28,5031,0.35,5.714
a_28,3741,0.021,142.857
a_28,1392,0.81,4.938
a_28,510,0.342,8.771
a_28,5102,0.09,22.222
a_28,5594,0.145,48.275
a_28,2935,0.121,33.057
a_28,1806,0.381,10.498
a_28,3601,0.036,83.333
a_28,1179,3.024,269.51
a_28,1725,0.707,183.875
a_28,158,0.372,333.333
a_28,1094,0.158,18.987
a_28,2631,0.459,359.477
a_28,4089,0.158,18.987
a_28,4764,0.23,13.043
a_28,1661,0.139,35.971
a_28,3417,0.144,27.777
a_28,4743,0.446,6.726
a_28,5271,0.283,7.067
a_28,3245,0.059,50.847
a_28,2702,0.168,29.761
a_28,5524,0.762,2.624
a_28,4368,0.034,88.235
a_28,1534,0.979,108.273
a_28,5200,0.87,4.597
a_28,379,0.206,33.98
a_28,5475,0.133,52.631
a_28,1166,0.136,22.058
a_28,1654,0.142,35.211
a_28,5270,0.238,12.605
a_28,2850,0.165,24.242
a_28,2098,2.119,0.943
a_28,4078,0.175,22.857
a_28,3645,0.072,41.666
a_28,670,11.177,6.083
a_28,3123,0.27,7.407
a_28,5192,0.491,4.073
a_28,1884,0.368,8.152
a_28,5004,0.151,19.867
a_28,913,0.86,3.488
a_28,3253,0.076,65.789
a_28,2348,0.386,5.181
a_28,1345,0.568,38.732
a_28,3806,0.103,38.834
a_28,2150,0.349,8.595
a_28,3525,0.057,52.631
a_28,2451,0.929,5.382
a_28,1428,0.461,26.03
a_28,108,0.36,5.555
a_28,1607,0.37,27.027
a_28,3359,0.285,866.666
a_28,3678,0.071,42.253
a_28,4562,0.095,200.0
a_28,5803,0.109,36.697
a_28,1414,0.81,2.469
a_28,746,0.457,6.564
a_28,3942,0.104,57.692
a_28,917,0.14,21.428
a_28,948,0.223,13.452
a_28,944,0.311,12.861
a_28,3164,0.276,18.115
a_28,2711,0.17,29.411
a_28,2706,0.176,28.409
a_28,2427,0.329,6.079
a_28,3888,0.165,24.242
a_29,1647,0.142,35.211
a_29,1140,0.388,23.195
a_29,3499,0.167,47.904
a_29,4620,0.071,28.169
a_29,2082,0.204,9.803
a_29,1809,0.313,25.559
a_29,4935,0.219,13.698
a_29,2835,0.165,30.303
a_29,38,0.74,60.81
a_29,3020,0.127,31.496
a_29,3628,0.03,100.0
a_29,1772,0.185,10.81
a_29,5116,0.143,20.979
a_29,5003,0.342,11.695
a_29,5606,0.25,8.0
a_29,47,0.263,22.813
a_29,1985,0.457,10.94
a_29,5114,0.171,17.543
a_29,3430,0.223,17.937
a_29,3622,0.089,33.707
a_29,3179,0.205,19.512
a_29,2936,0.112,35.714
a_29,450,10.764,0.743
a_29,4504,0.108,27.777
a_29,2593,0.572,1.748
a_29,4717,8.47,2.125
a_29,742,0.662,4.531
a_29,1052,0.501,17.964
a_29,4008,0.068,44.117
a_29,4019,0.108,18.518
a_29,5808,0.173,17.341
a_29,4968,0.304,197.368
a_29,4051,0.101,19.801
a_29,676,0.249,8.032
a_29,2552,0.156,19.23
a_29,2268,0.171,11.695
a_29,4667,0.192,15.625
a_29,2073,0.151,19.867
a_29,3768,0.155,19.354
a_29,3211,0.742,6.738
a_29,5617,1.306,3.062
a_29,939,0.285,7.017
a_29,3209,0.247,68.825
a_29,672,1.186,2.529
a_29,2562,0.135,22.222
a_29,4977,0.14,21.428
a_29,4494,0.034,58.823
a_29,5196,0.452,19.911
a_29,3320,0.129,46.511
a_29,4536,0.126,23.809
a_29,2942,0.232,38.793
a_29,3613,1.104,2.717
a_29,3926,0.03,233.333
a_29,4202,0.084,107.142
a_29,3769,0.057,52.631
a_29,573,6.226,1.284
a_29,3322,0.129,38.759
a_29,1718,0.233,304.721
a_29,156,0.249,32.128
a_29,315,0.149,46.979
a_29,5746,0.12,25.0
a_29,1777,0.322,12.422
a_29,3687,0.047,63.829
a_29,762,0.818,46.454
a_29,1213,0.488,8.196
a_29,2446,0.28,10.714
a_29,4775,0.344,875.0
a_29,2464,0.162,18.518
a_29,4674,0.229,13.1
a_29,2364,1.092,4.578
a_29,2456,0.16,18.75
a_29,3659,0.106,28.301
a_29,1926,1.021,2.938
a_29,406,0.142,49.295
a_29,5151,0.465,10.752
a_29,3457,0.163,24.539
a_29,2540,0.407,7.371
a_29,3780,0.287,10.452
a_29,616,0.357,5.602
a_29,1009,0.31,61.29
a_29,853,0.452,4.424
a_29,103,0.53,3.773
a_29,3317,0.176,17.045
a_29,4227,0.211,18.957
a_29,2298,0.463,4.319
a_29,3105,0.242,8.264
a_29,5642,0.054,37.037
a_29,345,0.136,51.47
a_29,970,0.524,3.816
a_29,4487,0.304,128.289
a_29,1937,0.292,10.273
